TradeID;KEY;Symbol;Broker;Status;open_type;open_status;open_time;open_duration;open_volume;open_price;opened_price;comission;slippage;spread_avg;spread_open;spread_expected;spread_close;close_status;close_time;close_price;closed_price;profit_points;profit_usd;profit_symbol
2;USDCADF4YICM;USDCAD;F4Y;TRADE_CLOSED;OP_SELL;ORDER_FILLED;2019-01-15_00:30:38.261;238,462;0;1,34499;1,34499;0;2;7;7;7;7;ORDER_FILLED;2019-01-15_00:34:36.723;1,34465;1,34465;34;0,457171;0,457171
2;USDCADF4YICM;USDCAD;ICM;TRADE_CLOSED;OP_BUY;ORDER_DISABLED;2019-01-15_00:30:37.985;0;0;1,34483;0;0;2;3;4;3;0;0;0;0;0;0;0;0
3;AUDUSDF4YICM;AUDUSD;ICM;TRADE_CLOSED;OP_SELL;ORDER_DISABLED;2019-01-15_01:00:19.674;0;0;0,7046;0;0;2;3;3;3;0;0;0;0;0;0;0;0
3;AUDUSDF4YICM;AUDUSD;F4Y;TRADE_CLOSED;OP_BUY;ORDER_FILLED;2019-01-15_01:00:16.254;184;0;0,70444;0,70444;0;2;6;6;6;5;ORDER_FILLED;2019-01-15_01:03:20.254;0,70463;0,70463;19;0,19;0,19
4;EURAUDFFSICM;EURAUD;ICM;TRADE_CLOSED;OP_BUY;ORDER_DISABLED;2019-01-15_01:00:20.69;0;0;1,62;0;0;2;6;6;6;0;0;0;0;0;0;0;0
4;EURAUDFFSICM;EURAUD;FFS;TRADE_CLOSED;OP_SELL;ORDER_FILLED;2019-01-15_01:00:19.918;280,674;0;1,62028;1,62028;0;2;27;27;27;25;ORDER_FILLED;2019-01-15_01:05:00.592;1,61989;1,61989;39;0,553513;0,553513
6;EURUSDF4YICM;EURUSD;F4Y;TRADE_CLOSED;OP_SELL;ORDER_FILLED;2019-01-15_01:58:40.98;183,525;0;1,1411;1,1411;0;2;3;3;3;3;ORDER_FILLED;2019-01-15_02:01:43.623;1,14087;1,14087;23;0,23;0,23
6;EURUSDF4YICM;EURUSD;ICM;TRADE_CLOSED;OP_BUY;ORDER_DISABLED;2019-01-15_01:58:40.223;0;0;1,14097;0;0;2;1;1;1;0;0;0;0;0;0;0;0
7;USDJPYF4YICM;USDJPY;F4Y;TRADE_CLOSED;OP_SELL;ORDER_FILLED;2019-01-15_02:20:22.465;180,261;0;108,045;108,045;0;2;3;5;4;3;ORDER_FILLED;2019-01-15_02:23:22.726;108,028;108,028;17;0,183646;0,183646
7;USDJPYF4YICM;USDJPY;ICM;TRADE_CLOSED;OP_BUY;ORDER_DISABLED;2019-01-15_02:20:22.477;0;0;108,03;0;0;2;2;2;2;0;0;0;0;0;0;0;0
8;USDJPYF4YICM;USDJPY;F4Y;TRADE_CLOSED;OP_SELL;ORDER_FILLED;2019-01-15_02:25:45.787;201,552;0;108,05;108,05;0;2;3;4;3;3;ORDER_FILLED;2019-01-15_02:29:07.339;108,059;108,059;-9;-0,0972522;0,0863937
8;USDJPYF4YICM;USDJPY;ICM;TRADE_CLOSED;OP_BUY;ORDER_DISABLED;2019-01-15_02:25:45.925;0;0;108,037;0;0;2;1;1;1;0;0;0;0;0;0;0;0
9;USDCADFFSICM;USDCAD;FFS;TRADE_CLOSED;OP_BUY;ORDER_FILLED;2019-01-15_02:37:54.278;338,318;0;1,34385;1,34385;0;2;13;14;13;9;ORDER_FILLED;2019-01-15_02:43:32.596;1,34567;1,34567;182;2,44916;2,90633
9;USDCADFFSICM;USDCAD;ICM;TRADE_CLOSED;OP_SELL;ORDER_DISABLED;2019-01-15_02:37:53.520;0;0;1,34418;0;10;2;3;3;3;0;0;0;0;0;0;0;0
11;AUDUSDF4YFFS;AUDUSD;FFS;TRADE_CLOSED;OP_BUY;ORDER_FILLED;2019-01-15_02:41:45.964;180,508;0;0,70329;0,70329;0;2;13;38;25;13;ORDER_FILLED;2019-01-15_02:44:46.472;0,70444;0,70444;115;1,15;1,34
11;AUDUSDF4YFFS;AUDUSD;F4Y;TRADE_CLOSED;OP_SELL;ORDER_FILLED;2019-01-15_02:41:45.54;180,87;0;0,70434;0,70434;10;2;7;20;13;5;ORDER_FILLED;2019-01-15_02:44:45.924;0,70428;0,70428;6;0,06;1,4
10;AUDUSDF4YICM;AUDUSD;ICM;TRADE_CLOSED;OP_BUY;ORDER_DISABLED;2019-01-15_02:41:45.712;0;0;0,70322;0;7;2;7;7;7;0;0;0;0;0;0;0;0
10;AUDUSDF4YICM;AUDUSD;F4Y;TRADE_CLOSED;OP_SELL;ORDER_FILLED;2019-01-15_02:41:45.54;180,87;0;0,70434;0,70434;10;2;7;20;13;5;ORDER_FILLED;2019-01-15_02:44:45.924;0,70428;0,70428;6;0,06;1,46
15;USDJPYF4YICM;USDJPY;F4Y;TRADE_CLOSED;OP_SELL;ORDER_FILLED;2019-01-15_02:41:46.378;179,869;0;108,368;108,368;11;2;5;23;14;4;ORDER_FILLED;2019-01-15_02:44:46.247;108,227;108,227;141;1,52594;1,61234
15;USDJPYF4YICM;USDJPY;ICM;TRADE_CLOSED;OP_BUY;ORDER_DISABLED;2019-01-15_02:41:45.712;0;0;108,274;0;8;2;7;7;7;0;0;0;0;0;0;0;0
18;USDJPYF4YICM;USDJPY;F4Y;TRADE_CLOSED;OP_SELL;ORDER_FILLED;2019-01-15_02:41:46.514;180,074;0;108,392;108,392;11;2;5;5;5;5;ORDER_FILLED;2019-01-15_02:44:46.588;108,228;108,228;164;1,77486;3,3872
18;USDJPYF4YICM;USDJPY;ICM;TRADE_CLOSED;OP_BUY;ORDER_DISABLED;2019-01-15_02:41:45.712;0;0;108,274;0;8;2;7;7;7;0;0;0;0;0;0;0;0
17;USDJPYFFSICM;USDJPY;FFS;TRADE_CLOSED;OP_SELL;ORDER_FILLED;2019-01-15_02:41:46.814;180,246;0;108,373;108,373;0;2;13;66;39;15;ORDER_FILLED;2019-01-15_02:44:47.60;108,226;108,226;147;1,59088;4,97807
17;USDJPYFFSICM;USDJPY;ICM;TRADE_CLOSED;OP_BUY;ORDER_DISABLED;2019-01-15_02:41:45.712;0;0;108,274;0;8;2;7;7;7;0;0;0;0;0;0;0;0
19;USDCADFFSICM;USDCAD;FFS;TRADE_CLOSED;OP_SELL;ORDER_FILLED;2019-01-15_02:41:46.960;180,914;0;1,34537;1,34537;0;2;14;48;31;19;ORDER_FILLED;2019-01-15_02:44:47.874;1,34527;1,34527;10;0,134517;3,04084
19;USDCADFFSICM;USDCAD;ICM;TRADE_CLOSED;OP_BUY;ORDER_DISABLED;2019-01-15_02:41:45.712;0;0;1,34432;0;10;2;11;36;23;0;0;0;0;0;0;0;0
14;EURUSDF4YICM;EURUSD;F4Y;TRADE_CLOSED;OP_SELL;ORDER_FILLED;2019-01-15_02:41:46.378;182,876;0;1,14041;1,14041;10;2;4;29;16;6;ORDER_FILLED;2019-01-15_02:44:49.254;1,13834;1,13834;207;2,07;2,3
14;EURUSDF4YICM;EURUSD;ICM;TRADE_CLOSED;OP_BUY;ORDER_DISABLED;2019-01-15_02:41:45.712;0;0;1,13819;0;7;2;5;76;40;0;0;0;0;0;0;0;0
16;GBPUSDFFSICM;GBPUSD;FFS;TRADE_CLOSED;OP_SELL;ORDER_FILLED;2019-01-15_02:41:46.814;183,435;0;1,2661;1,2661;0;2;16;56;36;20;ORDER_FILLED;2019-01-15_02:44:50.249;1,26496;1,26496;114;1,14;1,14
16;GBPUSDFFSICM;GBPUSD;ICM;TRADE_CLOSED;OP_BUY;ORDER_DISABLED;2019-01-15_02:41:45.712;0;0;1,26495;0;7;2;14;14;14;0;0;0;0;0;0;0;0
12;EURUSDFFSICM;EURUSD;FFS;TRADE_CLOSED;OP_SELL;ORDER_FILLED;2019-01-15_02:41:46.521;185,106;0;1,14037;1,14037;0;2;11;36;23;13;ORDER_FILLED;2019-01-15_02:44:51.627;1,13826;1,13826;211;2,11;4,41
12;EURUSDFFSICM;EURUSD;ICM;TRADE_CLOSED;OP_BUY;ORDER_DISABLED;2019-01-15_02:41:45.712;0;0;1,13819;0;7;2;5;76;40;0;0;0;0;0;0;0;0
13;GBPUSDF4YICM;GBPUSD;F4Y;TRADE_CLOSED;OP_SELL;ORDER_FILLED;2019-01-15_02:41:46.254;185;0;1,2662;1,2662;10;2;12;49;30;6;ORDER_FILLED;2019-01-15_02:44:51.254;1,26487;1,26487;133;1,33;2,47
13;GBPUSDF4YICM;GBPUSD;ICM;TRADE_CLOSED;OP_BUY;ORDER_DISABLED;2019-01-15_02:41:45.712;0;0;1,26495;0;7;2;14;14;14;0;0;0;0;0;0;0;0
21;USDCADF4YICM;USDCAD;F4Y;TRADE_CLOSED;OP_BUY;ORDER_FILLED;2019-01-15_02:41:52.124;180,479;0;1,34571;1,34571;14;2;9;32;20;10;ORDER_FILLED;2019-01-15_02:44:52.603;1,3454;1,3454;-31;-0,417055;2,62379
21;USDCADF4YICM;USDCAD;ICM;TRADE_CLOSED;OP_SELL;ORDER_DISABLED;2019-01-15_02:41:52.489;0;0;1,34653;0;10;2;13;33;23;0;0;0;0;0;0;0;0
23;CADJPYF4YICM;CADJPY;F4Y;TRADE_CLOSED;OP_SELL;ORDER_FILLED;2019-01-15_02:41:53.25;179,896;0;80,539;80,539;11;2;15;15;15;13;ORDER_FILLED;2019-01-15_02:44:52.921;80,46;80,46;79;0,855072;0,855072
23;CADJPYF4YICM;CADJPY;ICM;TRADE_CLOSED;OP_BUY;ORDER_DISABLED;2019-01-15_02:41:53.347;0;0;80,469;0;8;2;13;31;22;0;0;0;0;0;0;0;0
24;USDCADF4YICM;USDCAD;F4Y;TRADE_CLOSED;OP_SELL;ORDER_FILLED;2019-01-15_02:41:55.135;180,119;0;1,34683;1,34683;14;2;9;34;21;9;ORDER_FILLED;2019-01-15_02:44:55.254;1,34553;1,34553;130;1,74918;4,37296
24;USDCADF4YICM;USDCAD;ICM;TRADE_CLOSED;OP_BUY;ORDER_DISABLED;2019-01-15_02:41:55.211;0;0;1,34579;0;10;2;13;18;15;0;0;0;0;0;0;0;0
20;EURCADF4YICM;EURCAD;F4Y;TRADE_CLOSED;OP_BUY;ORDER_FILLED;2019-01-15_02:41:52.123;183,806;0;1,53152;1,53152;14;2;25;25;25;22;ORDER_FILLED;2019-01-15_02:44:55.929;1,53153;1,53153;1;0,0134554;0,0134554
20;EURCADF4YICM;EURCAD;ICM;TRADE_CLOSED;OP_SELL;ORDER_DISABLED;2019-01-15_02:41:52.488;0;0;1,53231;0;10;2;29;45;37;0;0;0;0;0;0;0;0
22;EURCADF4YICM;EURCAD;F4Y;TRADE_CLOSED;OP_BUY;ORDER_FILLED;2019-01-15_02:41:52.366;183,563;0;1,53146;1,53146;14;2;25;25;25;22;ORDER_FILLED;2019-01-15_02:44:55.929;1,53153;1,53153;7;0,0941878;0,107643
22;EURCADF4YICM;EURCAD;ICM;TRADE_CLOSED;OP_SELL;ORDER_DISABLED;2019-01-15_02:41:52.583;0;0;1,53237;0;10;2;29;39;34;0;0;0;0;0;0;0;0
25;USDCHFFFSICM;USDCHF;FFS;TRADE_CLOSED;OP_BUY;ORDER_FILLED;2019-01-15_02:41:58.889;180,438;0;0,98927;0,98927;0;2;22;34;28;25;ORDER_FILLED;2019-01-15_02:44:59.327;0,98849;0,98849;-78;-0,771077;-0,771077
25;USDCHFFFSICM;USDCHF;ICM;TRADE_CLOSED;OP_SELL;ORDER_DISABLED;2019-01-15_02:41:58.740;0;0;0,98973;0;7;2;10;18;14;0;0;0;0;0;0;0;0
26;EURJPYF4YICM;EURJPY;F4Y;TRADE_CLOSED;OP_BUY;ORDER_FILLED;2019-01-15_02:42:06.998;180,256;0;123,245;123,245;11;2;13;20;16;11;ORDER_FILLED;2019-01-15_02:45:07.254;123,195;123,195;-50;-0,541215;-0,541215
26;EURJPYF4YICM;EURJPY;ICM;TRADE_CLOSED;OP_SELL;ORDER_DISABLED;2019-01-15_02:42:07.337;0;0;123,305;0;8;2;14;14;14;0;0;0;0;0;0;0;0
27;USDCHFF4YICM;USDCHF;F4Y;TRADE_CLOSED;OP_SELL;ORDER_FILLED;2019-01-15_02:42:09.254;182,907;0;0,98983;0,98983;0;2;11;11;11;7;ORDER_FILLED;2019-01-15_02:45:12.161;0,98869;0,98869;114;1,1271;0,356018
27;USDCHFF4YICM;USDCHF;ICM;TRADE_CLOSED;OP_BUY;ORDER_DISABLED;2019-01-15_02:42:08.736;0;0;0,98958;0;0;2;11;17;14;0;0;0;0;0;0;0;0
29;CADCHFFFSICM;CADCHF;FFS;TRADE_CLOSED;OP_BUY;ORDER_FILLED;2019-01-15_02:42:33.384;181,819;0;0,73462;0,73462;0;2;22;22;22;17;ORDER_FILLED;2019-01-15_02:45:35.203;0,73461;0,73461;-1;-0,0098875;-0,0098875
29;CADCHFFFSICM;CADCHF;ICM;TRADE_CLOSED;OP_SELL;ORDER_DISABLED;2019-01-15_02:42:33.327;0;0;0,73493;0;0;2;16;18;17;0;0;0;0;0;0;0;0
31;CHFJPYFFSICM;CHFJPY;FFS;TRADE_CLOSED;OP_BUY;ORDER_FILLED;2019-01-15_02:42:34.968;180,508;0;109,524;109,524;0;2;17;19;18;10;ORDER_FILLED;2019-01-15_02:45:35.476;109,473;109,473;-51;-0,552055;-0,552055
31;CHFJPYFFSICM;CHFJPY;ICM;TRADE_CLOSED;OP_SELL;ORDER_DISABLED;2019-01-15_02:42:34.913;0;0;109,554;0;0;2;20;20;20;0;0;0;0;0;0;0;0
28;AUDCADF4YICM;AUDCAD;F4Y;TRADE_CLOSED;OP_SELL;ORDER_FILLED;2019-01-15_02:42:31.339;184,706;0;0,94673;0,94673;0;2;21;21;21;17;ORDER_FILLED;2019-01-15_02:45:36.45;0,94713;0,94713;-40;-0,538308;-0,538308
28;AUDCADF4YICM;AUDCAD;ICM;TRADE_CLOSED;OP_BUY;ORDER_DISABLED;2019-01-15_02:42:31.550;0;0;0,94641;0;0;2;20;22;21;0;0;0;0;0;0;0;0
30;AUDCADF4YICM;AUDCAD;F4Y;TRADE_CLOSED;OP_SELL;ORDER_FILLED;2019-01-15_02:42:33.258;182,787;0;0,94668;0,94668;0;2;21;22;21;17;ORDER_FILLED;2019-01-15_02:45:36.45;0,94713;0,94713;-45;-0,605597;-1,1439
30;AUDCADF4YICM;AUDCAD;ICM;TRADE_CLOSED;OP_BUY;ORDER_DISABLED;2019-01-15_02:42:33.592;0;0;0,94626;0;0;2;20;20;20;0;0;0;0;0;0;0;0
37;EURGBPF4YICM;EURGBP;F4Y;TRADE_CLOSED;OP_SELL;ORDER_FILLED;2019-01-15_02:42:45.43;180,055;0;0,89985;0,89985;0;2;15;15;15;9;ORDER_FILLED;2019-01-15_02:45:45.98;0,89976;0,89976;9;0,0711299;0,0711299
37;EURGBPF4YICM;EURGBP;ICM;TRADE_CLOSED;OP_BUY;ORDER_DISABLED;2019-01-15_02:42:45.292;0;0;0,89955;0;0;2;18;18;18;0;0;0;0;0;0;0;0
38;USDCHFF4YICM;USDCHF;F4Y;TRADE_CLOSED;OP_BUY;ORDER_FILLED;2019-01-15_02:42:46.478;179,945;0;0,98924;0,98924;0;2;11;16;13;5;ORDER_FILLED;2019-01-15_02:45:46.423;0,98848;0,98848;-76;-0,751207;-0,395188
38;USDCHFF4YICM;USDCHF;ICM;TRADE_CLOSED;OP_SELL;ORDER_DISABLED;2019-01-15_02:42:46.423;0;0;0,9896;0;0;2;13;13;13;0;0;0;0;0;0;0;0
33;NZDUSDFFSICM;NZDUSD;FFS;TRADE_CLOSED;OP_SELL;ORDER_FILLED;2019-01-15_02:42:43.477;185,608;0;0,66767;0,66767;0;2;14;20;17;14;ORDER_FILLED;2019-01-15_02:45:49.85;0,66829;0,66829;-62;-0,62;-0,62
33;NZDUSDFFSICM;NZDUSD;ICM;TRADE_CLOSED;OP_BUY;ORDER_DISABLED;2019-01-15_02:42:43.372;0;0;0,66734;0;7;2;9;9;9;0;0;0;0;0;0;0;0
35;NZDUSDFFSICM;NZDUSD;FFS;TRADE_CLOSED;OP_SELL;ORDER_FILLED;2019-01-15_02:42:44.240;184,845;0;0,66771;0,66771;0;2;14;21;17;14;ORDER_FILLED;2019-01-15_02:45:49.85;0,66829;0,66829;-58;-0,58;-1,2
35;NZDUSDFFSICM;NZDUSD;ICM;TRADE_CLOSED;OP_BUY;ORDER_DISABLED;2019-01-15_02:42:43.372;0;0;0,66734;0;0;2;9;9;9;0;0;0;0;0;0;0;0
32;GBPNZDFFSICM;GBPNZD;FFS;TRADE_CLOSED;OP_BUY;ORDER_FILLED;2019-01-15_02:42:43.373;186,435;0;1,89318;1,89318;0;2;44;61;52;40;ORDER_FILLED;2019-01-15_02:45:49.808;1,89291;1,89291;-27;-0,403992;-0,403992
32;GBPNZDFFSICM;GBPNZD;ICM;TRADE_CLOSED;OP_SELL;ORDER_DISABLED;2019-01-15_02:42:42.802;0;0;1,89402;0;11;2;41;49;45;0;0;0;0;0;0;0;0
34;GBPCADFFSICM;GBPCAD;FFS;TRADE_CLOSED;OP_BUY;ORDER_FILLED;2019-01-15_02:42:43.817;187,446;0;1,70199;1,70199;0;2;46;62;54;43;ORDER_FILLED;2019-01-15_02:45:51.263;1,70258;1,70258;59;0,793945;0,793945
34;GBPCADFFSICM;GBPCAD;ICM;TRADE_CLOSED;OP_SELL;ORDER_DISABLED;2019-01-15_02:42:43.372;0;0;1,70283;0;10;2;44;44;44;0;0;0;0;0;0;0;0
39;AUDJPYF4YICM;AUDJPY;F4Y;TRADE_CLOSED;OP_BUY;ORDER_FILLED;2019-01-15_02:42:56.745;181,354;0;76,137;76,137;0;2;11;11;11;10;ORDER_FILLED;2019-01-15_02:45:58.99;76,167;76,167;30;0,324609;0,324609
39;AUDJPYF4YICM;AUDJPY;ICM;TRADE_CLOSED;OP_SELL;ORDER_DISABLED;2019-01-15_02:42:56.890;0;0;76,165;0;0;2;14;14;14;0;0;0;0;0;0;0;0
41;CHFJPYF4YICM;CHFJPY;F4Y;TRADE_CLOSED;OP_BUY;ORDER_FILLED;2019-01-15_02:42:57.105;180,995;0;109,477;109,477;0;2;24;24;24;22;ORDER_FILLED;2019-01-15_02:45:58.100;109,481;109,481;4;0,0432812;-0,508773
41;CHFJPYF4YICM;CHFJPY;ICM;TRADE_CLOSED;OP_SELL;ORDER_DISABLED;2019-01-15_02:42:57.390;0;0;109,513;0;0;2;21;21;21;0;0;0;0;0;0;0;0
40;EURJPYFFSICM;EURJPY;FFS;TRADE_CLOSED;OP_BUY;ORDER_FILLED;2019-01-15_02:42:57.491;181,465;0;123,189;123,189;0;2;22;31;26;24;ORDER_FILLED;2019-01-15_02:45:58.956;123,202;123,202;13;0,140665;-0,40055
40;EURJPYFFSICM;EURJPY;ICM;TRADE_CLOSED;OP_SELL;ORDER_DISABLED;2019-01-15_02:42:57.390;0;0;123,235;0;8;2;17;17;17;0;0;0;0;0;0;0;0
42;EURJPYF4YICM;EURJPY;F4Y;TRADE_CLOSED;OP_BUY;ORDER_FILLED;2019-01-15_02:42:58.792;179,814;0;123,166;123,166;0;2;14;14;14;7;ORDER_FILLED;2019-01-15_02:45:58.606;123,208;123,208;42;0,454457;0,053907
42;EURJPYF4YICM;EURJPY;ICM;TRADE_CLOSED;OP_SELL;ORDER_DISABLED;2019-01-15_02:42:58.712;0;0;123,218;0;0;2;17;17;17;0;0;0;0;0;0;0;0
43;EURJPYFFSICM;EURJPY;FFS;TRADE_CLOSED;OP_BUY;ORDER_FILLED;2019-01-15_02:42:59.282;182,947;0;123,162;123,162;0;2;22;24;23;21;ORDER_FILLED;2019-01-15_02:46:02.229;123,216;123,216;54;0,584437;0,638344
43;EURJPYFFSICM;EURJPY;ICM;TRADE_CLOSED;OP_SELL;ORDER_DISABLED;2019-01-15_02:42:58.712;0;0;123,218;0;8;2;17;17;17;0;0;0;0;0;0;0;0
44;EURCADFFSICM;EURCAD;FFS;TRADE_CLOSED;OP_SELL;ORDER_FILLED;2019-01-15_02:45:12.481;180,072;0;1,53163;1,53163;0;2;35;35;35;28;ORDER_FILLED;2019-01-15_02:48:12.553;1,53086;1,53086;77;1,03606;1,1437
44;EURCADFFSICM;EURCAD;ICM;TRADE_CLOSED;OP_BUY;ORDER_DISABLED;2019-01-15_02:45:12.443;0;0;1,53105;0;10;2;22;22;22;0;0;0;0;0;0;0;0
45;EURAUDFFSICM;EURAUD;ICM;TRADE_CLOSED;OP_BUY;ORDER_DISABLED;2019-01-15_02:45:14.558;0;0;1,61655;0;0;2;22;22;22;0;0;0;0;0;0;0;0
45;EURAUDFFSICM;EURAUD;FFS;TRADE_CLOSED;OP_SELL;ORDER_FILLED;2019-01-15_02:45:14.548;180,063;0;1,617;1,617;0;2;37;37;37;34;ORDER_FILLED;2019-01-15_02:48:14.611;1,61729;1,61729;-29;-0,412271;0,141242
46;EURAUDFFSICM;EURAUD;ICM;TRADE_CLOSED;OP_BUY;ORDER_DISABLED;2019-01-15_02:45:15.796;0;0;1,61644;0;10;2;21;21;21;0;0;0;0;0;0;0;0
46;EURAUDFFSICM;EURAUD;FFS;TRADE_CLOSED;OP_SELL;ORDER_FILLED;2019-01-15_02:45:15.355;181,728;0;1,61709;1,61709;0;2;37;37;37;30;ORDER_FILLED;2019-01-15_02:48:17.83;1,61762;1,61762;-53;-0,75358;-0,612338
48;USDJPYFFSICM;USDJPY;FFS;TRADE_CLOSED;OP_BUY;ORDER_FILLED;2019-01-15_02:45:18.453;180,202;0;108,246;108,246;0;2;14;14;14;13;ORDER_FILLED;2019-01-15_02:48:18.655;108,23;108,23;-16;-0,173171;4,8049
48;USDJPYFFSICM;USDJPY;ICM;TRADE_CLOSED;OP_SELL;ORDER_DISABLED;2019-01-15_02:45:18.335;0;0;108,268;0;0;2;8;8;8;0;0;0;0;0;0;0;0
47;EURUSDFFSICM;EURUSD;FFS;TRADE_CLOSED;OP_SELL;ORDER_FILLED;2019-01-15_02:45:16.432;182,884;0;1,1382;1,1382;0;2;13;13;13;13;ORDER_FILLED;2019-01-15_02:48:19.316;1,13766;1,13766;54;0,54;4,95
47;EURUSDFFSICM;EURUSD;ICM;TRADE_CLOSED;OP_BUY;ORDER_DISABLED;2019-01-15_02:45:16.385;0;0;1,13782;0;7;2;6;6;6;0;0;0;0;0;0;0;0
49;USDCADFFSICM;USDCAD;FFS;TRADE_CLOSED;OP_BUY;ORDER_FILLED;2019-01-15_02:45:18.885;181,396;0;1,34535;1,34535;0;2;15;16;15;14;ORDER_FILLED;2019-01-15_02:48:20.281;1,34569;1,34569;34;0,457541;4,83051
49;USDCADFFSICM;USDCAD;ICM;TRADE_CLOSED;OP_SELL;ORDER_DISABLED;2019-01-15_02:45:18.804;0;0;1,34584;0;10;2;17;17;17;0;0;0;0;0;0;0;0
50;EURUSDF4YICM;EURUSD;F4Y;TRADE_CLOSED;OP_BUY;ORDER_FILLED;2019-01-15_02:45:36.420;180,387;0;1,13813;1,13813;0;2;6;8;7;4;ORDER_FILLED;2019-01-15_02:48:36.807;1,13741;1,13741;-72;-0,72;4,23
50;EURUSDF4YICM;EURUSD;ICM;TRADE_CLOSED;OP_SELL;ORDER_DISABLED;2019-01-15_02:45:36.729;0;0;1,13831;0;0;2;5;5;5;0;0;0;0;0;0;0;0
51;USDJPYFFSICM;USDJPY;FFS;TRADE_CLOSED;OP_BUY;ORDER_FILLED;2019-01-15_02:48:56.846;180,649;0;108,21;108,21;0;2;14;14;14;13;ORDER_FILLED;2019-01-15_02:51:57.495;108,279;108,279;69;0,747132;5,55203
51;USDJPYFFSICM;USDJPY;ICM;TRADE_CLOSED;OP_SELL;ORDER_DISABLED;2019-01-15_02:48:55.662;0;0;108,231;0;0;2;5;5;5;0;0;0;0;0;0;0;0
52;EURUSDFFSICM;EURUSD;FFS;TRADE_CLOSED;OP_SELL;ORDER_FILLED;2019-01-15_02:49:00.227;180,097;0;1,13759;1,13759;0;2;14;14;14;10;ORDER_FILLED;2019-01-15_02:52:00.324;1,1379;1,1379;-31;-0,31;3,92
52;EURUSDFFSICM;EURUSD;ICM;TRADE_CLOSED;OP_BUY;ORDER_DISABLED;2019-01-15_02:49:00.8;0;0;1,13738;0;0;2;4;5;4;0;0;0;0;0;0;0;0
53;EURUSDF4YICM;EURUSD;F4Y;TRADE_CLOSED;OP_SELL;ORDER_FILLED;2019-01-15_02:50:14.736;182,849;0;1,13757;1,13757;0;2;4;4;4;3;ORDER_FILLED;2019-01-15_02:53:17.585;1,13767;1,13767;-10;-0,1;3,82
53;EURUSDF4YICM;EURUSD;ICM;TRADE_CLOSED;OP_BUY;ORDER_DISABLED;2019-01-15_02:50:15.56;0;0;1,13743;0;0;2;4;4;4;0;0;0;0;0;0;0;0
54;EURJPYF4YICM;EURJPY;F4Y;TRADE_CLOSED;OP_BUY;ORDER_FILLED;2019-01-15_02:54:09.996;180,043;0;123,232;123,232;0;2;10;10;10;8;ORDER_FILLED;2019-01-15_02:57:10.39;123,304;123,304;72;0,780552;1,4189
54;EURJPYF4YICM;EURJPY;ICM;TRADE_CLOSED;OP_SELL;ORDER_DISABLED;2019-01-15_02:54:10.380;0;0;123,249;0;0;2;4;4;4;0;0;0;0;0;0;0;0
55;EURUSDF4YICM;EURUSD;F4Y;TRADE_CLOSED;OP_SELL;ORDER_FILLED;2019-01-15_02:59:14.696;192,315;0;1,13719;1,13719;0;2;3;3;3;3;ORDER_FILLED;2019-01-15_03:02:27.11;1,13699;1,13699;20;0,2;4,02
55;EURUSDF4YICM;EURUSD;ICM;TRADE_CLOSED;OP_BUY;ORDER_DISABLED;2019-01-15_02:59:14.997;0;0;1,13706;0;0;2;1;1;1;0;0;0;0;0;0;0;0
56;EURUSDF4YICM;EURUSD;F4Y;TRADE_CLOSED;OP_SELL;ORDER_FILLED;2019-01-15_03:12:24.999;185,159;0;1,13673;1,13673;10;2;3;3;3;3;ORDER_FILLED;2019-01-15_03:15:30.158;1,13708;1,13708;-35;-0,35;3,67
56;EURUSDF4YICM;EURUSD;ICM;TRADE_CLOSED;OP_BUY;ORDER_DISABLED;2019-01-15_03:12:25.267;0;0;1,13642;0;7;2;1;1;1;0;0;0;0;0;0;0;0
57;AUDUSDF4YICM;AUDUSD;ICM;TRADE_CLOSED;OP_SELL;ORDER_DISABLED;2019-01-15_03:14:10.858;0;0;0,70374;0;0;2;3;3;3;0;0;0;0;0;0;0;0
57;AUDUSDF4YICM;AUDUSD;F4Y;TRADE_CLOSED;OP_BUY;ORDER_FILLED;2019-01-15_03:14:10.11;184,454;0;0,70358;0,70358;0;2;6;6;6;6;ORDER_FILLED;2019-01-15_03:17:14.465;0,70403;0,70403;45;0,45;1,91
59;AUDUSDF4YICM;AUDUSD;ICM;TRADE_CLOSED;OP_SELL;ORDER_DISABLED;2019-01-15_03:19:53.775;0;0;0,70412;0;0;2;3;3;3;0;0;0;0;0;0;0;0
59;AUDUSDF4YICM;AUDUSD;F4Y;TRADE_CLOSED;OP_BUY;ORDER_FILLED;2019-01-15_03:19:53.175;180,141;0;0,70397;0,70397;0;2;6;6;6;6;ORDER_FILLED;2019-01-15_03:22:53.316;0,70413;0,70413;16;0,16;2,07
58;EURAUDFFSICM;EURAUD;ICM;TRADE_CLOSED;OP_BUY;ORDER_DISABLED;2019-01-15_03:19:53.267;0;0;1,61407;0;0;2;7;9;8;0;0;0;0;0;0;0;0
58;EURAUDFFSICM;EURAUD;FFS;TRADE_CLOSED;OP_SELL;ORDER_FILLED;2019-01-15_03:19:52.999;223,802;0;1,61436;1,61436;0;2;29;29;29;25;ORDER_FILLED;2019-01-15_03:23:36.801;1,61363;1,61363;73;1,03673;0,424388
60;USDJPYF4YICM;USDJPY;F4Y;TRADE_CLOSED;OP_BUY;ORDER_FILLED;2019-01-15_03:22:35.221;181,299;0;108,408;108,408;0;2;3;3;3;1;ORDER_FILLED;2019-01-15_03:25:36.520;108,37;108,37;-38;-0,411795;5,14024
60;USDJPYF4YICM;USDJPY;ICM;TRADE_CLOSED;OP_SELL;ORDER_DISABLED;2019-01-15_03:22:35.542;0;0;108,421;0;0;2;2;2;2;0;0;0;0;0;0;0;0
61;EURUSDF4YICM;EURUSD;F4Y;TRADE_CLOSED;OP_SELL;ORDER_FILLED;2019-01-15_03:31:43.255;180,999;0;1,13645;1,13645;0;2;3;3;3;1;ORDER_FILLED;2019-01-15_03:34:44.254;1,1361;1,1361;35;0,35;4,02
61;EURUSDF4YICM;EURUSD;ICM;TRADE_CLOSED;OP_BUY;ORDER_DISABLED;2019-01-15_03:31:43.460;0;0;1,13632;0;0;2;1;1;1;0;0;0;0;0;0;0;0
62;EURUSDFFSICM;EURUSD;FFS;TRADE_CLOSED;OP_BUY;ORDER_FILLED;2019-01-15_03:34:04.645;180,168;0;1,13617;1,13617;0;2;11;11;11;10;ORDER_FILLED;2019-01-15_03:37:04.813;1,13592;1,13592;-25;-0,25;3,77
62;EURUSDFFSICM;EURUSD;ICM;TRADE_CLOSED;OP_SELL;ORDER_DISABLED;2019-01-15_03:34:04.605;0;0;1,13633;0;0;2;1;1;1;0;0;0;0;0;0;0;0
63;USDJPYF4YICM;USDJPY;F4Y;TRADE_CLOSED;OP_SELL;ORDER_FILLED;2019-01-15_03:34:07.410;185,263;0;108,432;108,432;0;2;4;4;4;3;ORDER_FILLED;2019-01-15_03:37:12.673;108,471;108,471;-39;-0,423037;4,7172
63;USDJPYF4YICM;USDJPY;ICM;TRADE_CLOSED;OP_BUY;ORDER_DISABLED;2019-01-15_03:34:07.780;0;0;108,417;0;0;2;2;2;2;0;0;0;0;0;0;0;0
64;EURUSDF4YICM;EURUSD;F4Y;TRADE_CLOSED;OP_SELL;ORDER_FILLED;2019-01-15_03:35:26.254;185;0;1,13579;1,13579;0;2;3;3;3;3;ORDER_FILLED;2019-01-15_03:38:31.254;1,13613;1,13613;-34;-0,34;3,43
64;EURUSDF4YICM;EURUSD;ICM;TRADE_CLOSED;OP_BUY;ORDER_DISABLED;2019-01-15_03:35:26.603;0;0;1,13566;0;0;2;1;1;1;0;0;0;0;0;0;0;0
65;USDCADFFSICM;USDCAD;FFS;TRADE_CLOSED;OP_BUY;ORDER_FILLED;2019-01-15_03:38:31.418;180,922;0;1,3424;1,3424;0;2;13;13;13;9;ORDER_FILLED;2019-01-15_03:41:32.340;1,34305;1,34305;65;0,873002;5,70351
65;USDCADFFSICM;USDCAD;ICM;TRADE_CLOSED;OP_SELL;ORDER_DISABLED;2019-01-15_03:38:31.384;0;0;1,3426;0;0;2;3;3;3;0;0;0;0;0;0;0;0
67;EURUSDF4YICM;EURUSD;F4Y;TRADE_CLOSED;OP_SELL;ORDER_FILLED;2019-01-15_03:41:46.95;180,073;0;1,13571;1,13571;10;2;3;3;3;3;ORDER_FILLED;2019-01-15_03:44:46.168;1,13565;1,13565;6;0,06;3,49
67;EURUSDF4YICM;EURUSD;ICM;TRADE_CLOSED;OP_BUY;ORDER_DISABLED;2019-01-15_03:41:46.433;0;0;1,1354;0;7;2;1;1;1;0;0;0;0;0;0;0;0
68;EURUSDFFSICM;EURUSD;FFS;TRADE_CLOSED;OP_SELL;ORDER_FILLED;2019-01-15_03:41:46.734;180,068;0;1,13567;1,13567;0;2;11;11;11;10;ORDER_FILLED;2019-01-15_03:44:46.802;1,13568;1,13568;-1;-0,01;3,48
68;EURUSDFFSICM;EURUSD;ICM;TRADE_CLOSED;OP_BUY;ORDER_DISABLED;2019-01-15_03:41:46.540;0;0;1,13542;0;7;2;1;2;1;0;0;0;0;0;0;0;0
66;EURAUDFFSICM;EURAUD;ICM;TRADE_CLOSED;OP_BUY;ORDER_DISABLED;2019-01-15_03:41:46.292;0;0;1,61276;0;0;2;6;6;6;0;0;0;0;0;0;0;0
66;EURAUDFFSICM;EURAUD;FFS;TRADE_CLOSED;OP_SELL;ORDER_FILLED;2019-01-15_03:41:45.853;189,588;0;1,61307;1,61307;0;2;29;34;31;26;ORDER_FILLED;2019-01-15_03:44:55.441;1,61302;1,61302;5;0,0710116;0,4954
69;EURUSDF4YICM;EURUSD;F4Y;TRADE_CLOSED;OP_BUY;ORDER_FILLED;2019-01-15_03:44:09.254;181,487;0;1,13544;1,13544;10;2;3;4;3;3;ORDER_FILLED;2019-01-15_03:47:10.741;1,13521;1,13521;-23;-0,23;3,25
69;EURUSDF4YICM;EURUSD;ICM;TRADE_CLOSED;OP_SELL;ORDER_DISABLED;2019-01-15_03:44:09.605;0;0;1,13589;0;7;2;1;1;1;0;0;0;0;0;0;0;0
71;GBPAUDFFSICM;GBPAUD;ICM;TRADE_CLOSED;OP_BUY;ORDER_DISABLED;2019-01-15_03:51:45.31;0;0;1,79339;0;10;2;9;9;9;0;0;0;0;0;0;0;0
71;GBPAUDFFSICM;GBPAUD;FFS;TRADE_CLOSED;OP_SELL;ORDER_FILLED;2019-01-15_03:51:44.665;182,016;0;1,79382;1,79382;0;2;32;32;32;32;ORDER_FILLED;2019-01-15_03:54:46.681;1,79298;1,79298;84;1,19318;1,19318
70;EURAUDFFSICM;EURAUD;ICM;TRADE_CLOSED;OP_BUY;ORDER_DISABLED;2019-01-15_03:51:44.966;0;0;1,61298;0;0;2;6;6;6;0;0;0;0;0;0;0;0
70;EURAUDFFSICM;EURAUD;FFS;TRADE_CLOSED;OP_SELL;ORDER_FILLED;2019-01-15_03:51:44.892;200,453;0;1,61329;1,61329;0;2;29;30;29;27;ORDER_FILLED;2019-01-15_03:55:05.345;1,61293;1,61293;36;0,511342;1,00674
72;EURAUDFFSICM;EURAUD;ICM;TRADE_CLOSED;OP_BUY;ORDER_DISABLED;2019-01-15_03:51:45.670;0;0;1,61293;0;0;2;6;6;6;0;0;0;0;0;0;0;0
72;EURAUDFFSICM;EURAUD;FFS;TRADE_CLOSED;OP_SELL;ORDER_FILLED;2019-01-15_03:51:45.586;199,759;0;1,61331;1,61331;0;2;29;30;29;27;ORDER_FILLED;2019-01-15_03:55:05.345;1,61293;1,61293;38;0,53975;1,54649
73;GBPJPYFFSICM;GBPJPY;ICM;TRADE_CLOSED;OP_SELL;ORDER_DISABLED;2019-01-15_03:56:37.857;0;0;137,053;0;0;2;7;8;7;0;0;0;0;0;0;0;0
73;GBPJPYFFSICM;GBPJPY;FFS;TRADE_CLOSED;OP_BUY;ORDER_FILLED;2019-01-15_03:56:36.564;188,35;0;137,025;137,025;0;2;26;28;27;25;ORDER_FILLED;2019-01-15_03:59:44.914;137,014;137,014;-11;-0,119401;-0,119401
74;USDCADF4YICM;USDCAD;F4Y;TRADE_CLOSED;OP_SELL;ORDER_FILLED;2019-01-15_03:56:56.618;187,644;0;1,34409;1,34409;0;2;7;7;7;7;ORDER_FILLED;2019-01-15_04:00:04.262;1,34438;1,34438;-29;-0,389896;5,31361
74;USDCADF4YICM;USDCAD;ICM;TRADE_CLOSED;OP_BUY;ORDER_DISABLED;2019-01-15_03:56:56.961;0;0;1,34393;0;0;2;4;4;4;0;0;0;0;0;0;0;0
75;EURUSDF4YICM;EURUSD;F4Y;TRADE_CLOSED;OP_SELL;ORDER_FILLED;2019-01-15_03:58:07.177;181,029;0;1,13504;1,13504;0;2;3;3;3;3;ORDER_FILLED;2019-01-15_04:01:08.206;1,13487;1,13487;17;0,17;3,42
75;EURUSDF4YICM;EURUSD;ICM;TRADE_CLOSED;OP_BUY;ORDER_DISABLED;2019-01-15_03:58:07.499;0;0;1,13492;0;0;2;1;1;1;0;0;0;0;0;0;0;0
76;GBPJPYFFSICM;GBPJPY;ICM;TRADE_CLOSED;OP_BUY;ORDER_DISABLED;2019-01-15_04:26:44.837;0;0;136,735;0;8;2;8;13;10;0;0;0;0;0;0;0;0
76;GBPJPYFFSICM;GBPJPY;FFS;TRADE_CLOSED;OP_SELL;ORDER_FILLED;2019-01-15_04:26:44.167;179,09;0;136,778;136,778;0;2;25;29;27;22;ORDER_FILLED;2019-01-15_04:29:43.257;136,679;136,679;99;1,0717;0,952304
78;CHFJPYFFSICM;CHFJPY;FFS;TRADE_CLOSED;OP_SELL;ORDER_FILLED;2019-01-15_04:26:45.181;180,102;0;109,382;109,382;0;2;11;32;21;9;ORDER_FILLED;2019-01-15_04:29:45.283;109,332;109,332;50;0,54125;0,0324766
78;CHFJPYFFSICM;CHFJPY;ICM;TRADE_CLOSED;OP_BUY;ORDER_DISABLED;2019-01-15_04:26:45.131;0;0;109,344;0;8;2;5;7;6;0;0;0;0;0;0;0;0
79;EURJPYFFSICM;EURJPY;FFS;TRADE_CLOSED;OP_SELL;ORDER_FILLED;2019-01-15_04:26:45.182;180,221;0;122,977;122,977;0;2;20;23;21;19;ORDER_FILLED;2019-01-15_04:29:45.403;122,9;122,9;77;0,833525;2,25242
79;EURJPYFFSICM;EURJPY;ICM;TRADE_CLOSED;OP_BUY;ORDER_DISABLED;2019-01-15_04:26:45.13;0;0;122,92;0;8;2;3;3;3;0;0;0;0;0;0;0;0
84;AUDJPYF4YICM;AUDJPY;F4Y;TRADE_CLOSED;OP_SELL;ORDER_FILLED;2019-01-15_04:26:45.177;180,081;0;76,286;76,286;11;2;8;9;8;7;ORDER_FILLED;2019-01-15_04:29:45.258;76,259;76,259;27;0,292275;0,616884
84;AUDJPYF4YICM;AUDJPY;ICM;TRADE_CLOSED;OP_BUY;ORDER_DISABLED;2019-01-15_04:26:45.511;0;0;76,221;0;8;2;4;4;4;0;0;0;0;0;0;0;0
86;EURJPYF4YICM;EURJPY;F4Y;TRADE_CLOSED;OP_SELL;ORDER_FILLED;2019-01-15_04:26:45.178;180,08;0;122,982;122,982;11;2;9;17;13;10;ORDER_FILLED;2019-01-15_04:29:45.258;122,895;122,895;87;0,941775;3,1942
86;EURJPYF4YICM;EURJPY;ICM;TRADE_CLOSED;OP_BUY;ORDER_DISABLED;2019-01-15_04:26:45.511;0;0;122,884;0;8;2;3;8;5;0;0;0;0;0;0;0;0
87;NZDJPYF4YICM;NZDJPY;F4Y;TRADE_CLOSED;OP_SELL;ORDER_FILLED;2019-01-15_04:26:45.254;180,004;0;72,365;72,365;11;2;15;22;18;15;ORDER_FILLED;2019-01-15_04:29:45.258;72,346;72,346;19;0,205675;0,205675
87;NZDJPYF4YICM;NZDJPY;ICM;TRADE_CLOSED;OP_BUY;ORDER_DISABLED;2019-01-15_04:26:45.604;0;0;72,31;0;8;2;5;8;6;0;0;0;0;0;0;0;0
82;CHFJPYF4YICM;CHFJPY;F4Y;TRADE_CLOSED;OP_SELL;ORDER_FILLED;2019-01-15_04:26:44.859;180,75;0;109,389;109,389;11;2;15;15;15;15;ORDER_FILLED;2019-01-15_04:29:45.609;109,337;109,337;52;0,5629;0,595377
82;CHFJPYF4YICM;CHFJPY;ICM;TRADE_CLOSED;OP_BUY;ORDER_DISABLED;2019-01-15_04:26:45.131;0;0;109,344;0;8;2;5;7;6;0;0;0;0;0;0;0;0
77;GBPJPYFFSICM;GBPJPY;ICM;TRADE_CLOSED;OP_BUY;ORDER_DISABLED;2019-01-15_04:26:44.961;0;0;136,717;0;8;2;8;9;8;0;0;0;0;0;0;0;0
77;GBPJPYFFSICM;GBPJPY;FFS;TRADE_CLOSED;OP_SELL;ORDER_FILLED;2019-01-15_04:26:44.874;181,288;0;136,77;136,77;0;2;25;31;28;22;ORDER_FILLED;2019-01-15_04:29:46.162;136,684;136,684;86;0,930916;1,88322
83;USDJPYF4YICM;USDJPY;F4Y;TRADE_CLOSED;OP_SELL;ORDER_FILLED;2019-01-15_04:26:44.859;181,754;0;108,327;108,327;11;2;3;9;6;4;ORDER_FILLED;2019-01-15_04:29:46.613;108,247;108,247;80;0,86596;5,58316
83;USDJPYF4YICM;USDJPY;ICM;TRADE_CLOSED;OP_BUY;ORDER_DISABLED;2019-01-15_04:26:45.131;0;0;108,255;0;8;2;2;2;2;0;0;0;0;0;0;0;0
81;CADJPYF4YICM;CADJPY;F4Y;TRADE_CLOSED;OP_SELL;ORDER_FILLED;2019-01-15_04:26:44.859;182,395;0;80,599;80,599;11;2;11;11;11;10;ORDER_FILLED;2019-01-15_04:29:47.254;80,553;80,553;46;0,497927;1,353
81;CADJPYF4YICM;CADJPY;ICM;TRADE_CLOSED;OP_BUY;ORDER_DISABLED;2019-01-15_04:26:45.131;0;0;80,555;0;8;2;4;4;4;0;0;0;0;0;0;0;0
85;CADJPYF4YICM;CADJPY;F4Y;TRADE_CLOSED;OP_SELL;ORDER_FILLED;2019-01-15_04:26:45.178;182,076;0;80,59;80,59;11;2;11;11;11;10;ORDER_FILLED;2019-01-15_04:29:47.254;80,553;80,553;37;0,400507;1,75351
85;CADJPYF4YICM;CADJPY;ICM;TRADE_CLOSED;OP_BUY;ORDER_DISABLED;2019-01-15_04:26:45.511;0;0;80,532;0;8;2;4;4;4;0;0;0;0;0;0;0;0
80;USDJPYFFSICM;USDJPY;FFS;TRADE_CLOSED;OP_SELL;ORDER_FILLED;2019-01-15_04:26:45.182;189,877;0;108,3;108,3;0;2;13;13;13;12;ORDER_FILLED;2019-01-15_04:29:55.59;108,247;108,247;53;0,573688;6,15685
80;USDJPYFFSICM;USDJPY;ICM;TRADE_CLOSED;OP_BUY;ORDER_DISABLED;2019-01-15_04:26:45.131;0;0;108,255;0;8;2;2;2;2;0;0;0;0;0;0;0;0
88;EURUSDF4YICM;EURUSD;F4Y;TRADE_CLOSED;OP_BUY;ORDER_FILLED;2019-01-15_04:31:31.799;180,127;0;1,13512;1,13512;0;2;3;3;3;1;ORDER_FILLED;2019-01-15_04:34:31.926;1,1368;1,1368;168;1,68;5,1
88;EURUSDF4YICM;EURUSD;ICM;TRADE_CLOSED;OP_SELL;ORDER_DISABLED;2019-01-15_04:31:32.34;0;0;1,13524;0;0;2;1;1;1;0;0;0;0;0;0;0;0
90;GBPUSDF4YICM;GBPUSD;F4Y;TRADE_CLOSED;OP_BUY;ORDER_FILLED;2019-01-15_04:33:38.708;181,078;0;1,26339;1,26339;10;2;11;11;11;11;ORDER_FILLED;2019-01-15_04:36:39.786;1,26584;1,26584;245;2,45;4,92
90;GBPUSDF4YICM;GBPUSD;ICM;TRADE_CLOSED;OP_SELL;ORDER_DISABLED;2019-01-15_04:33:38.937;0;0;1,26385;0;7;2;5;5;5;0;0;0;0;0;0;0;0
89;GBPJPYFFSICM;GBPJPY;ICM;TRADE_CLOSED;OP_SELL;ORDER_DISABLED;2019-01-15_04:33:38.735;0;0;136,863;0;8;2;9;9;9;0;0;0;0;0;0;0;0
89;GBPJPYFFSICM;GBPJPY;FFS;TRADE_CLOSED;OP_BUY;ORDER_FILLED;2019-01-15_04:33:38.111;187,232;0;136,809;136,809;0;2;25;25;25;25;ORDER_FILLED;2019-01-15_04:36:45.343;136,99;136,99;181;1,9584;3,84162
97;EURAUDF4YFFS;EURAUD;F4Y;TRADE_CLOSED;OP_BUY;ORDER_FILLED;2019-01-15_04:33:47.794;180,46;0;1,61239;1,61239;0;2;12;19;15;12;ORDER_FILLED;2019-01-15_04:36:48.254;1,61062;1,61062;-177;-2,50354;-0,957045
97;EURAUDF4YFFS;EURAUD;FFS;TRADE_CLOSED;OP_SELL;ORDER_FILLED;2019-01-15_04:33:45.21;183,553;0;1,61274;1,61274;0;2;30;32;31;30;ORDER_FILLED;2019-01-15_04:36:48.574;1,6107;1,6107;204;2,88543;1,92839
99;USDJPYF4YICM;USDJPY;F4Y;TRADE_CLOSED;OP_BUY;ORDER_FILLED;2019-01-15_04:33:50.115;180,584;0;108,322;108,322;0;2;4;4;4;2;ORDER_FILLED;2019-01-15_04:36:50.699;108,181;108,181;-141;-1,52518;4,63167
99;USDJPYF4YICM;USDJPY;ICM;TRADE_CLOSED;OP_SELL;ORDER_DISABLED;2019-01-15_04:33:50.445;0;0;108,338;0;0;2;3;3;3;0;0;0;0;0;0;0;0
101;AUDUSDF4YICM;AUDUSD;ICM;TRADE_CLOSED;OP_SELL;ORDER_DISABLED;2019-01-15_04:33:55.219;0;0;0,70502;0;0;2;3;3;3;0;0;0;0;0;0;0;0
101;AUDUSDF4YICM;AUDUSD;F4Y;TRADE_CLOSED;OP_BUY;ORDER_FILLED;2019-01-15_04:33:54.510;181,747;0;0,70485;0,70485;0;2;6;6;6;6;ORDER_FILLED;2019-01-15_04:36:56.257;0,70708;0,70708;223;2,23;4,3
98;EURJPYFFSICM;EURJPY;FFS;TRADE_CLOSED;OP_BUY;ORDER_FILLED;2019-01-15_04:33:50.123;190,133;0;123,045;123,045;0;2;20;21;20;14;ORDER_FILLED;2019-01-15_04:37:00.256;123,262;123,262;217;2,34725;5,54144
98;EURJPYFFSICM;EURJPY;ICM;TRADE_CLOSED;OP_SELL;ORDER_DISABLED;2019-01-15_04:33:50.13;0;0;123,08;0;8;2;4;4;4;0;0;0;0;0;0;0;0
100;EURJPYFFSICM;EURJPY;FFS;TRADE_CLOSED;OP_BUY;ORDER_FILLED;2019-01-15_04:33:50.616;189,64;0;123,047;123,047;0;2;20;20;20;14;ORDER_FILLED;2019-01-15_04:37:00.256;123,262;123,262;215;2,32561;7,86705
100;EURJPYFFSICM;EURJPY;ICM;TRADE_CLOSED;OP_SELL;ORDER_DISABLED;2019-01-15_04:33:50.504;0;0;123,097;0;8;2;4;6;5;0;0;0;0;0;0;0;0
94;GBPAUDFFSICM;GBPAUD;ICM;TRADE_CLOSED;OP_BUY;ORDER_DISABLED;2019-01-15_04:33:47.241;0;0;1,79331;0;10;2;13;14;13;0;0;0;0;0;0;0;0
94;GBPAUDFFSICM;GBPAUD;FFS;TRADE_CLOSED;OP_SELL;ORDER_FILLED;2019-01-15_04:33:45.59;202,581;0;1,79388;1,79388;0;2;32;44;38;37;ORDER_FILLED;2019-01-15_04:37:07.640;1,79108;1,79108;280;3,95894;5,15212
96;GBPAUDFFSICM;GBPAUD;ICM;TRADE_CLOSED;OP_BUY;ORDER_DISABLED;2019-01-15_04:33:47.718;0;0;1,79331;0;0;2;13;13;13;0;0;0;0;0;0;0;0
96;GBPAUDFFSICM;GBPAUD;FFS;TRADE_CLOSED;OP_SELL;ORDER_FILLED;2019-01-15_04:33:45.59;202,581;0;1,79388;1,79388;0;2;32;44;38;37;ORDER_FILLED;2019-01-15_04:37:07.640;1,79108;1,79108;280;3,959;9,11112
102;USDCADF4YICM;USDCAD;F4Y;TRADE_CLOSED;OP_SELL;ORDER_FILLED;2019-01-15_04:34:16.254;180;0;1,34257;1,34257;0;2;7;12;9;9;ORDER_FILLED;2019-01-15_04:37:16.254;1,34139;1,34139;118;1,58293;6,89655
102;USDCADF4YICM;USDCAD;ICM;TRADE_CLOSED;OP_BUY;ORDER_DISABLED;2019-01-15_04:34:16.632;0;0;1,34238;0;0;2;4;4;4;0;0;0;0;0;0;0;0
92;EURAUDFFSICM;EURAUD;ICM;TRADE_CLOSED;OP_BUY;ORDER_DISABLED;2019-01-15_04:33:46.913;0;0;1,61227;0;10;2;8;8;8;0;0;0;0;0;0;0;0
92;EURAUDFFSICM;EURAUD;FFS;TRADE_CLOSED;OP_SELL;ORDER_FILLED;2019-01-15_04:33:45.21;221,653;0;1,61274;1,61274;0;2;30;32;31;30;ORDER_FILLED;2019-01-15_04:37:26.674;1,61003;1,61003;271;3,82931;5,75769
93;EURAUDFFSICM;EURAUD;ICM;TRADE_CLOSED;OP_BUY;ORDER_DISABLED;2019-01-15_04:33:47.241;0;0;1,61213;0;10;2;8;8;8;0;0;0;0;0;0;0;0
93;EURAUDFFSICM;EURAUD;FFS;TRADE_CLOSED;OP_SELL;ORDER_FILLED;2019-01-15_04:33:45.21;221,653;0;1,61274;1,61274;0;2;30;32;31;30;ORDER_FILLED;2019-01-15_04:37:26.674;1,61003;1,61003;271;3,82931;9,587
95;EURAUDFFSICM;EURAUD;ICM;TRADE_CLOSED;OP_BUY;ORDER_DISABLED;2019-01-15_04:33:47.717;0;0;1,61212;0;0;2;8;12;10;0;0;0;0;0;0;0;0
95;EURAUDFFSICM;EURAUD;FFS;TRADE_CLOSED;OP_SELL;ORDER_FILLED;2019-01-15_04:33:45.21;221,653;0;1,61274;1,61274;0;2;30;32;31;30;ORDER_FILLED;2019-01-15_04:37:26.674;1,61003;1,61003;271;3,82931;13,4163
104;AUDUSDF4YICM;AUDUSD;ICM;TRADE_CLOSED;OP_SELL;ORDER_DISABLED;2019-01-15_04:34:52.140;0;0;0,70611;0;0;2;3;7;5;0;0;0;0;0;0;0;0
104;AUDUSDF4YICM;AUDUSD;F4Y;TRADE_CLOSED;OP_BUY;ORDER_FILLED;2019-01-15_04:34:51.505;180,403;0;0,70581;0,70581;0;2;6;13;9;9;ORDER_FILLED;2019-01-15_04:37:51.908;0,70784;0,70784;203;2,03;6,33
103;EURUSDF4YICM;EURUSD;F4Y;TRADE_CLOSED;OP_BUY;ORDER_FILLED;2019-01-15_04:34:51.161;188,495;0;1,13691;1,13691;0;2;3;3;3;1;ORDER_FILLED;2019-01-15_04:37:59.656;1,13883;1,13883;192;1,92;7,02
103;EURUSDF4YICM;EURUSD;ICM;TRADE_CLOSED;OP_SELL;ORDER_DISABLED;2019-01-15_04:34:51.247;0;0;1,13704;0;0;2;1;1;1;0;0;0;0;0;0;0;0
91;GBPUSDFFSICM;GBPUSD;FFS;TRADE_CLOSED;OP_BUY;ORDER_FILLED;2019-01-15_04:33:39.489;274,626;0;1,26336;1,26336;0;2;16;17;16;16;ORDER_FILLED;2019-01-15_04:38:14.115;1,26646;1,26646;310;3,1;8,02
91;GBPUSDFFSICM;GBPUSD;ICM;TRADE_CLOSED;OP_SELL;ORDER_DISABLED;2019-01-15_04:33:39.241;0;0;1,26375;0;7;2;5;5;5;0;0;0;0;0;0;0;0
105;EURUSDFFSICM;EURUSD;FFS;TRADE_CLOSED;OP_BUY;ORDER_FILLED;2019-01-15_04:35:31.116;180,36;0;1,13664;1,13664;0;2;11;13;12;11;ORDER_FILLED;2019-01-15_04:38:31.476;1,13892;1,13892;228;2,28;9,3
105;EURUSDFFSICM;EURUSD;ICM;TRADE_CLOSED;OP_SELL;ORDER_DISABLED;2019-01-15_04:35:30.942;0;0;1,13691;0;7;2;1;1;1;0;0;0;0;0;0;0;0
106;EURUSDF4YICM;EURUSD;F4Y;TRADE_CLOSED;OP_BUY;ORDER_FILLED;2019-01-15_04:35:31.31;180,202;0;1,13662;1,13662;10;2;4;4;4;4;ORDER_FILLED;2019-01-15_04:38:31.233;1,13896;1,13896;234;2,34;11,64
106;EURUSDF4YICM;EURUSD;ICM;TRADE_CLOSED;OP_SELL;ORDER_DISABLED;2019-01-15_04:35:31.406;0;0;1,13706;0;7;2;1;1;1;0;0;0;0;0;0;0;0
107;USDJPYF4YICM;USDJPY;F4Y;TRADE_CLOSED;OP_SELL;ORDER_FILLED;2019-01-15_04:36:17.719;179,852;0;108,274;108,274;0;2;3;4;3;1;ORDER_FILLED;2019-01-15_04:39:17.571;108,297;108,297;-23;-0,249088;4,38258
107;USDJPYF4YICM;USDJPY;ICM;TRADE_CLOSED;OP_BUY;ORDER_DISABLED;2019-01-15_04:36:18.109;0;0;108,25;0;0;2;3;3;3;0;0;0;0;0;0;0;0
110;GBPJPYFFSICM;GBPJPY;ICM;TRADE_CLOSED;OP_BUY;ORDER_DISABLED;2019-01-15_04:36:46.544;0;0;136,952;0;8;2;8;10;9;0;0;0;0;0;0;0;0
110;GBPJPYFFSICM;GBPJPY;FFS;TRADE_CLOSED;OP_SELL;ORDER_FILLED;2019-01-15_04:36:46.190;180,137;0;136,991;136,991;0;2;26;26;26;26;ORDER_FILLED;2019-01-15_04:39:46.327;137,158;137,158;-167;-1,80858;2,03305
109;GBPJPYF4YFFS;GBPJPY;F4Y;TRADE_CLOSED;OP_BUY;ORDER_FILLED;2019-01-15_04:36:45.912;180,349;0;136,958;136,958;0;2;15;15;15;13;ORDER_FILLED;2019-01-15_04:39:46.261;137,141;137,141;183;1,98185;4,0149
109;GBPJPYF4YFFS;GBPJPY;FFS;TRADE_CLOSED;OP_SELL;ORDER_FILLED;2019-01-15_04:36:46.190;180,137;0;136,991;136,991;0;2;26;26;26;26;ORDER_FILLED;2019-01-15_04:39:46.327;137,158;137,158;-167;-1,80858;2,20632
111;EURCADFFSICM;EURCAD;FFS;TRADE_CLOSED;OP_BUY;ORDER_FILLED;2019-01-15_04:36:51.407;183,746;0;1,52784;1,52784;0;2;25;26;25;25;ORDER_FILLED;2019-01-15_04:39:55.153;1,52674;1,52674;-110;-1,47484;-0,331135
111;EURCADFFSICM;EURCAD;ICM;TRADE_CLOSED;OP_SELL;ORDER_DISABLED;2019-01-15_04:36:51.350;0;0;1,52827;0;10;2;13;13;13;0;0;0;0;0;0;0;0
108;USDJPYFFSICM;USDJPY;FFS;TRADE_CLOSED;OP_SELL;ORDER_FILLED;2019-01-15_04:36:45.759;190,225;0;108,222;108,222;0;2;13;13;13;11;ORDER_FILLED;2019-01-15_04:39:55.984;108,287;108,287;-65;-0,703898;3,67868
108;USDJPYFFSICM;USDJPY;ICM;TRADE_CLOSED;OP_BUY;ORDER_DISABLED;2019-01-15_04:36:45.629;0;0;108,193;0;8;2;3;3;3;0;0;0;0;0;0;0;0
114;USDCHFF4YICM;USDCHF;F4Y;TRADE_CLOSED;OP_BUY;ORDER_FILLED;2019-01-15_04:36:58.254;179,914;0;0,98806;0,98806;0;2;9;9;9;9;ORDER_FILLED;2019-01-15_04:39:58.168;0,98842;0,98842;36;0,355835;-0,0393536
114;USDCHFF4YICM;USDCHF;ICM;TRADE_CLOSED;OP_SELL;ORDER_DISABLED;2019-01-15_04:36:58.152;0;0;0,98826;0;0;2;6;7;6;0;0;0;0;0;0;0;0
112;EURUSDFFSICM;EURUSD;FFS;TRADE_CLOSED;OP_SELL;ORDER_FILLED;2019-01-15_04:36:57.745;182,354;0;1,13933;1,13933;0;2;11;11;11;10;ORDER_FILLED;2019-01-15_04:40:00.99;1,13859;1,13859;74;0,74;12,38
112;EURUSDFFSICM;EURUSD;ICM;TRADE_CLOSED;OP_BUY;ORDER_DISABLED;2019-01-15_04:36:57.462;0;0;1,13894;0;7;2;2;4;3;0;0;0;0;0;0;0;0
113;EURUSDF4YICM;EURUSD;F4Y;TRADE_CLOSED;OP_SELL;ORDER_FILLED;2019-01-15_04:36:58.90;181,726;0;1,13957;1,13957;10;2;4;4;4;4;ORDER_FILLED;2019-01-15_04:39:59.816;1,13857;1,13857;100;1;13,38
113;EURUSDF4YICM;EURUSD;ICM;TRADE_CLOSED;OP_BUY;ORDER_DISABLED;2019-01-15_04:36:58.152;0;0;1,139;0;7;2;2;5;3;0;0;0;0;0;0;0;0
115;EURUSDF4YICM;EURUSD;F4Y;TRADE_CLOSED;OP_SELL;ORDER_FILLED;2019-01-15_04:36:58.439;181,377;0;1,13951;1,13951;0;2;4;5;4;4;ORDER_FILLED;2019-01-15_04:39:59.816;1,13857;1,13857;94;0,94;14,32
115;EURUSDF4YICM;EURUSD;ICM;TRADE_CLOSED;OP_BUY;ORDER_DISABLED;2019-01-15_04:36:58.152;0;0;1,139;0;0;2;2;5;3;0;0;0;0;0;0;0;0
117;GBPUSDF4YICM;GBPUSD;F4Y;TRADE_CLOSED;OP_SELL;ORDER_FILLED;2019-01-15_04:37:00.103;180,372;0;1,26664;1,26664;0;2;12;12;12;11;ORDER_FILLED;2019-01-15_04:40:00.475;1,26655;1,26655;9;0,09;8,11
117;GBPUSDF4YICM;GBPUSD;ICM;TRADE_CLOSED;OP_BUY;ORDER_DISABLED;2019-01-15_04:37:00.471;0;0;1,26643;0;0;2;4;6;5;0;0;0;0;0;0;0;0
116;EURJPYF4YICM;EURJPY;F4Y;TRADE_CLOSED;OP_SELL;ORDER_FILLED;2019-01-15_04:36:59.723;181,241;0;123,246;123,246;0;2;10;10;10;8;ORDER_FILLED;2019-01-15_04:40:00.964;123,302;123,302;-56;-0,606463;7,26059
116;EURJPYF4YICM;EURJPY;ICM;TRADE_CLOSED;OP_BUY;ORDER_DISABLED;2019-01-15_04:37:00.84;0;0;123,225;0;0;2;5;5;5;0;0;0;0;0;0;0;0
118;NZDUSDFFSICM;NZDUSD;FFS;TRADE_CLOSED;OP_SELL;ORDER_FILLED;2019-01-15_04:37:09.858;180,224;0;0,67073;0,67073;0;2;15;15;15;15;ORDER_FILLED;2019-01-15_04:40:10.82;0,67115;0,67115;-42;-0,42;-1,62
118;NZDUSDFFSICM;NZDUSD;ICM;TRADE_CLOSED;OP_BUY;ORDER_DISABLED;2019-01-15_04:37:09.297;0;0;0,6705;0;0;2;4;4;4;0;0;0;0;0;0;0;0
119;NZDUSDF4YICM;NZDUSD;F4Y;TRADE_CLOSED;OP_SELL;ORDER_FILLED;2019-01-15_04:37:11.175;180,238;0;0,67088;0,67088;10;2;11;11;11;11;ORDER_FILLED;2019-01-15_04:40:11.413;0,67112;0,67112;-24;-0,24;-1,86
119;NZDUSDF4YICM;NZDUSD;ICM;TRADE_CLOSED;OP_BUY;ORDER_DISABLED;2019-01-15_04:37:10.643;0;0;0,67045;0;7;2;4;4;4;0;0;0;0;0;0;0;0
125;EURNZDFFSICM;EURNZD;ICM;TRADE_CLOSED;OP_SELL;ORDER_DISABLED;2019-01-15_04:37:12.30;0;0;1,69933;0;11;2;13;13;13;0;0;0;0;0;0;0;0
125;EURNZDFFSICM;EURNZD;FFS;TRADE_CLOSED;OP_BUY;ORDER_FILLED;2019-01-15_04:37:11.700;180,281;0;1,69877;1,69877;0;2;40;50;45;45;ORDER_FILLED;2019-01-15_04:40:11.981;1,69685;1,69685;-192;-2,86119;-2,86119
126;EURNZDFFSICM;EURNZD;ICM;TRADE_CLOSED;OP_SELL;ORDER_DISABLED;2019-01-15_04:37:12.227;0;0;1,69929;0;0;2;13;14;13;0;0;0;0;0;0;0;0
126;EURNZDFFSICM;EURNZD;FFS;TRADE_CLOSED;OP_BUY;ORDER_FILLED;2019-01-15_04:37:11.700;180,281;0;1,69877;1,69877;0;2;40;50;45;45;ORDER_FILLED;2019-01-15_04:40:11.981;1,69685;1,69685;-192;-2,86085;-5,72203
124;NZDJPYF4YICM;NZDJPY;F4Y;TRADE_CLOSED;OP_SELL;ORDER_FILLED;2019-01-15_04:37:11.503;180,614;0;72,584;72,584;11;2;15;15;15;15;ORDER_FILLED;2019-01-15_04:40:12.117;72,681;72,681;-97;-1,05051;-0,844835
124;NZDJPYF4YICM;NZDJPY;ICM;TRADE_CLOSED;OP_BUY;ORDER_DISABLED;2019-01-15_04:37:11.773;0;0;72,536;0;8;2;6;6;6;0;0;0;0;0;0;0;0
122;NZDJPYFFSICM;NZDJPY;FFS;TRADE_CLOSED;OP_SELL;ORDER_FILLED;2019-01-15_04:37:11.748;180,829;0;72,583;72,583;0;2;22;23;22;22;ORDER_FILLED;2019-01-15_04:40:12.577;72,688;72,688;-105;-1,13715;-1,98199
122;NZDJPYFFSICM;NZDJPY;ICM;TRADE_CLOSED;OP_BUY;ORDER_DISABLED;2019-01-15_04:37:11.370;0;0;72,536;0;8;2;6;6;6;0;0;0;0;0;0;0;0
129;EURJPYFFSICM;EURJPY;FFS;TRADE_CLOSED;OP_SELL;ORDER_FILLED;2019-01-15_04:37:12.602;180,179;0;123,29;123,29;0;2;20;26;23;22;ORDER_FILLED;2019-01-15_04:40:12.781;123,346;123,346;-56;-0,606474;6,65412
129;EURJPYFFSICM;EURJPY;ICM;TRADE_CLOSED;OP_BUY;ORDER_DISABLED;2019-01-15_04:37:12.507;0;0;123,263;0;0;2;5;5;5;0;0;0;0;0;0;0;0
121;NZDCHFFFSICM;NZDCHF;FFS;TRADE_CLOSED;OP_SELL;ORDER_FILLED;2019-01-15_04:37:11.748;181,033;0;0,66275;0,66275;0;2;16;23;19;15;ORDER_FILLED;2019-01-15_04:40:12.781;0,66326;0,66326;-51;-0,503967;-0,503967
121;NZDCHFFFSICM;NZDCHF;ICM;TRADE_CLOSED;OP_BUY;ORDER_DISABLED;2019-01-15_04:37:11.370;0;0;0,6625;0;0;2;6;6;6;0;0;0;0;0;0;0;0
120;NZDUSDFFSICM;NZDUSD;FFS;TRADE_CLOSED;OP_SELL;ORDER_FILLED;2019-01-15_04:37:11.700;181,081;0;0,67077;0,67077;0;2;15;18;16;15;ORDER_FILLED;2019-01-15_04:40:12.781;0,67116;0,67116;-39;-0,39;-2,25
120;NZDUSDFFSICM;NZDUSD;ICM;TRADE_CLOSED;OP_BUY;ORDER_DISABLED;2019-01-15_04:37:10.643;0;0;0,67045;0;0;2;4;4;4;0;0;0;0;0;0;0;0
127;GBPUSDF4YICM;GBPUSD;F4Y;TRADE_CLOSED;OP_SELL;ORDER_FILLED;2019-01-15_04:37:11.836;181,949;0;1,26704;1,26704;10;2;12;12;12;9;ORDER_FILLED;2019-01-15_04:40:13.785;1,26678;1,26678;26;0,26;8,37
127;GBPUSDF4YICM;GBPUSD;ICM;TRADE_CLOSED;OP_BUY;ORDER_DISABLED;2019-01-15_04:37:12.227;0;0;1,26654;0;7;2;4;4;4;0;0;0;0;0;0;0;0
128;AUDJPYFFSICM;AUDJPY;FFS;TRADE_CLOSED;OP_SELL;ORDER_FILLED;2019-01-15_04:37:12.282;182,292;0;76,552;76,552;0;2;23;23;23;23;ORDER_FILLED;2019-01-15_04:40:14.574;76,63;76,63;-78;-0,844787;-0,227903
128;AUDJPYFFSICM;AUDJPY;ICM;TRADE_CLOSED;OP_BUY;ORDER_DISABLED;2019-01-15_04:37:12.226;0;0;76,516;0;8;2;5;5;5;0;0;0;0;0;0;0;0
133;AUDJPYFFSICM;AUDJPY;FFS;TRADE_CLOSED;OP_SELL;ORDER_FILLED;2019-01-15_04:37:14.237;180,337;0;76,569;76,569;0;2;23;23;23;23;ORDER_FILLED;2019-01-15_04:40:14.574;76,63;76,63;-61;-0,660667;-0,888569
133;AUDJPYFFSICM;AUDJPY;ICM;TRADE_CLOSED;OP_BUY;ORDER_DISABLED;2019-01-15_04:37:14.60;0;0;76,512;0;8;2;5;5;5;0;0;0;0;0;0;0;0
123;AUDJPYF4YICM;AUDJPY;F4Y;TRADE_CLOSED;OP_SELL;ORDER_FILLED;2019-01-15_04:37:11.502;182,698;0;76,556;76,556;11;2;7;7;7;6;ORDER_FILLED;2019-01-15_04:40:14.200;76,623;76,623;-67;-0,72565;-1,61422
123;AUDJPYF4YICM;AUDJPY;ICM;TRADE_CLOSED;OP_BUY;ORDER_DISABLED;2019-01-15_04:37:11.370;0;0;76,514;0;8;2;5;5;5;0;0;0;0;0;0;0;0
137;AUDJPYF4YICM;AUDJPY;F4Y;TRADE_CLOSED;OP_SELL;ORDER_FILLED;2019-01-15_04:37:14.254;179,946;0;76,576;76,576;11;2;7;7;7;6;ORDER_FILLED;2019-01-15_04:40:14.200;76,623;76,623;-47;-0,509038;-2,12326
137;AUDJPYF4YICM;AUDJPY;ICM;TRADE_CLOSED;OP_BUY;ORDER_DISABLED;2019-01-15_04:37:14.535;0;0;76,514;0;8;2;5;7;6;0;0;0;0;0;0;0;0
134;AUDCADFFSICM;AUDCAD;FFS;TRADE_CLOSED;OP_SELL;ORDER_FILLED;2019-01-15_04:37:14.237;180,525;0;0,94915;0,94915;0;2;29;32;30;27;ORDER_FILLED;2019-01-15_04:40:14.762;0,9485;0,9485;65;0,871338;-0,272566
134;AUDCADFFSICM;AUDCAD;ICM;TRADE_CLOSED;OP_BUY;ORDER_DISABLED;2019-01-15_04:37:14.61;0;0;0,94871;0;10;2;10;10;10;0;0;0;0;0;0;0;0
138;NZDUSDFFSICM;NZDUSD;FFS;TRADE_CLOSED;OP_SELL;ORDER_FILLED;2019-01-15_04:37:14.698;180,5;0;0,67096;0,67096;0;2;15;16;15;15;ORDER_FILLED;2019-01-15_04:40:15.198;0,67115;0,67115;-19;-0,19;-2,44
138;NZDUSDFFSICM;NZDUSD;ICM;TRADE_CLOSED;OP_BUY;ORDER_DISABLED;2019-01-15_04:37:14.488;0;0;0,67045;0;7;2;4;4;4;0;0;0;0;0;0;0;0
139;GBPAUDFFSICM;GBPAUD;ICM;TRADE_CLOSED;OP_SELL;ORDER_DISABLED;2019-01-15_04:37:15.306;0;0;1,79096;0;0;2;15;19;17;0;0;0;0;0;0;0;0
139;GBPAUDFFSICM;GBPAUD;FFS;TRADE_CLOSED;OP_BUY;ORDER_FILLED;2019-01-15_04:37:14.737;180,461;0;1,79051;1,79051;0;2;35;50;42;35;ORDER_FILLED;2019-01-15_04:40:15.198;1,79048;1,79048;-3;-0,0424004;9,06872
135;EURNZDFFSICM;EURNZD;ICM;TRADE_CLOSED;OP_SELL;ORDER_DISABLED;2019-01-15_04:37:14.310;0;0;1,69928;0;11;2;13;19;16;0;0;0;0;0;0;0;0
135;EURNZDFFSICM;EURNZD;FFS;TRADE_CLOSED;OP_BUY;ORDER_FILLED;2019-01-15_04:37:14.237;182,372;0;1,69836;1,69836;0;2;40;47;43;37;ORDER_FILLED;2019-01-15_04:40:16.609;1,69702;1,69702;-134;-1,99684;-7,71888
136;EURNZDFFSICM;EURNZD;ICM;TRADE_CLOSED;OP_SELL;ORDER_DISABLED;2019-01-15_04:37:14.535;0;0;1,69937;0;11;2;13;13;13;0;0;0;0;0;0;0;0
136;EURNZDFFSICM;EURNZD;FFS;TRADE_CLOSED;OP_BUY;ORDER_FILLED;2019-01-15_04:37:14.237;182,372;0;1,69836;1,69836;0;2;40;47;43;37;ORDER_FILLED;2019-01-15_04:40:16.609;1,69702;1,69702;-134;-1,99681;-9,71569
140;NZDJPYF4YICM;NZDJPY;F4Y;TRADE_CLOSED;OP_SELL;ORDER_FILLED;2019-01-15_04:37:15.588;181,726;0;72,579;72,579;0;2;15;18;16;15;ORDER_FILLED;2019-01-15_04:40:17.314;72,694;72,694;-115;-1,2456;-3,22758
140;NZDJPYF4YICM;NZDJPY;ICM;TRADE_CLOSED;OP_BUY;ORDER_DISABLED;2019-01-15_04:37:15.933;0;0;72,539;0;0;2;6;6;6;0;0;0;0;0;0;0;0
130;NZDCADFFSICM;NZDCAD;FFS;TRADE_CLOSED;OP_SELL;ORDER_FILLED;2019-01-15_04:37:12.602;185,236;0;0,89995;0,89995;0;2;24;28;26;23;ORDER_FILLED;2019-01-15_04:40:17.838;0,89972;0,89972;23;0,308292;0,308292
130;NZDCADFFSICM;NZDCAD;ICM;TRADE_CLOSED;OP_BUY;ORDER_DISABLED;2019-01-15_04:37:12.507;0;0;0,89952;0;10;2;13;16;14;0;0;0;0;0;0;0;0
141;GBPAUDFFSICM;GBPAUD;ICM;TRADE_CLOSED;OP_SELL;ORDER_DISABLED;2019-01-15_04:37:16.568;0;0;1,79098;0;10;2;15;16;15;0;0;0;0;0;0;0;0
141;GBPAUDFFSICM;GBPAUD;FFS;TRADE_CLOSED;OP_BUY;ORDER_FILLED;2019-01-15_04:37:16.551;181,097;0;1,79017;1,79017;0;2;35;51;43;34;ORDER_FILLED;2019-01-15_04:40:17.648;1,79025;1,79025;8;0,11305;9,18177
131;NZDJPYFFSICM;NZDJPY;FFS;TRADE_CLOSED;OP_SELL;ORDER_FILLED;2019-01-15_04:37:13.442;187,662;0;72,587;72,587;0;2;22;24;23;23;ORDER_FILLED;2019-01-15_04:40:21.104;72,695;72,695;-108;-1,16968;-4,39727
131;NZDJPYFFSICM;NZDJPY;ICM;TRADE_CLOSED;OP_BUY;ORDER_DISABLED;2019-01-15_04:37:13.159;0;0;72,537;0;0;2;6;6;6;0;0;0;0;0;0;0;0
142;CADCHFFFSICM;CADCHF;FFS;TRADE_CLOSED;OP_SELL;ORDER_FILLED;2019-01-15_04:37:21.527;180,023;0;0,73674;0,73674;0;2;16;16;16;15;ORDER_FILLED;2019-01-15_04:40:21.550;0,73721;0,73721;-47;-0,464398;-0,474285
142;CADCHFFFSICM;CADCHF;ICM;TRADE_CLOSED;OP_BUY;ORDER_DISABLED;2019-01-15_04:37:21.265;0;0;0,7365;0;0;2;9;10;9;0;0;0;0;0;0;0;0
143;EURCADF4YICM;EURCAD;F4Y;TRADE_CLOSED;OP_BUY;ORDER_FILLED;2019-01-15_04:37:21.692;181,777;0;1,52827;1,52827;0;2;19;24;21;21;ORDER_FILLED;2019-01-15_04:40:23.469;1,52667;1,52667;-160;-2,14482;-2,47595
143;EURCADF4YICM;EURCAD;ICM;TRADE_CLOSED;OP_SELL;ORDER_DISABLED;2019-01-15_04:37:21.958;0;0;1,52857;0;0;2;13;13;13;0;0;0;0;0;0;0;0
145;GBPNZDFFSICM;GBPNZD;FFS;TRADE_CLOSED;OP_BUY;ORDER_FILLED;2019-01-15_04:37:25.185;180,526;0;1,88767;1,88767;0;2;42;53;47;40;ORDER_FILLED;2019-01-15_04:40:25.711;1,88757;1,88757;-10;-0,149009;-0,553001
145;GBPNZDFFSICM;GBPNZD;ICM;TRADE_CLOSED;OP_SELL;ORDER_DISABLED;2019-01-15_04:37:24.968;0;0;1,88838;0;11;2;16;28;22;0;0;0;0;0;0;0;0
144;GBPNZDFFSICM;GBPNZD;FFS;TRADE_CLOSED;OP_BUY;ORDER_FILLED;2019-01-15_04:37:24.315;181,77;0;1,88775;1,88775;0;2;42;63;52;40;ORDER_FILLED;2019-01-15_04:40:26.85;1,88744;1,88744;-31;-0,461908;-1,01491
144;GBPNZDFFSICM;GBPNZD;ICM;TRADE_CLOSED;OP_SELL;ORDER_DISABLED;2019-01-15_04:37:24.233;0;0;1,8884;0;11;2;16;26;21;0;0;0;0;0;0;0;0
148;CADCHFF4YICM;CADCHF;F4Y;TRADE_CLOSED;OP_SELL;ORDER_FILLED;2019-01-15_04:37:26.671;179,825;0;0,73691;0,73691;0;2;13;13;13;13;ORDER_FILLED;2019-01-15_04:40:26.496;0,73706;0,73706;-15;-0,148199;-0,622484
148;CADCHFF4YICM;CADCHF;ICM;TRADE_CLOSED;OP_BUY;ORDER_DISABLED;2019-01-15_04:37:26.946;0;0;0,7367;0;0;2;9;9;9;0;0;0;0;0;0;0;0
146;NZDCHFFFSICM;NZDCHF;FFS;TRADE_CLOSED;OP_SELL;ORDER_FILLED;2019-01-15_04:37:25.221;181,776;0;0,66325;0,66325;0;2;16;19;17;15;ORDER_FILLED;2019-01-15_04:40:26.997;0,66319;0,66319;6;0,0592794;-0,444687
146;NZDCHFFFSICM;NZDCHF;ICM;TRADE_CLOSED;OP_BUY;ORDER_DISABLED;2019-01-15_04:37:25.182;0;0;0,66292;0;0;2;6;7;6;0;0;0;0;0;0;0;0
147;GBPNZDFFSICM;GBPNZD;FFS;TRADE_CLOSED;OP_BUY;ORDER_FILLED;2019-01-15_04:37:26.790;180,544;0;1,88747;1,88747;0;2;42;52;47;40;ORDER_FILLED;2019-01-15_04:40:27.334;1,88754;1,88754;7;0,104295;-0,910613
147;GBPNZDFFSICM;GBPNZD;ICM;TRADE_CLOSED;OP_SELL;ORDER_DISABLED;2019-01-15_04:37:26.499;0;0;1,88838;0;11;2;16;16;16;0;0;0;0;0;0;0;0
151;EURCADF4YICM;EURCAD;F4Y;TRADE_CLOSED;OP_BUY;ORDER_FILLED;2019-01-15_04:37:28.157;180,097;0;1,52777;1,52777;0;2;19;19;19;17;ORDER_FILLED;2019-01-15_04:40:28.254;1,52668;1,52668;-109;-1,46128;-3,93723
151;EURCADF4YICM;EURCAD;ICM;TRADE_CLOSED;OP_SELL;ORDER_DISABLED;2019-01-15_04:37:28.286;0;0;1,52814;0;0;2;14;14;14;0;0;0;0;0;0;0;0
132;GBPJPYFFSICM;GBPJPY;ICM;TRADE_CLOSED;OP_BUY;ORDER_DISABLED;2019-01-15_04:37:14.61;0;0;137,03;0;0;2;9;9;9;0;0;0;0;0;0;0;0
132;GBPJPYFFSICM;GBPJPY;FFS;TRADE_CLOSED;OP_SELL;ORDER_FILLED;2019-01-15_04:37:13.939;195,853;0;137,071;137,071;0;2;26;26;26;25;ORDER_FILLED;2019-01-15_04:40:29.792;137,193;137,193;-122;-1,32113;0,885196
152;NZDJPYF4YICM;NZDJPY;F4Y;TRADE_CLOSED;OP_SELL;ORDER_FILLED;2019-01-15_04:37:28.909;182,345;0;72,646;72,646;0;2;15;18;16;15;ORDER_FILLED;2019-01-15_04:40:31.254;72,686;72,686;-40;-0,433148;-4,83042
152;NZDJPYF4YICM;NZDJPY;ICM;TRADE_CLOSED;OP_BUY;ORDER_DISABLED;2019-01-15_04:37:28.953;0;0;72,595;0;0;2;6;6;6;0;0;0;0;0;0;0;0
154;CHFJPYFFSICM;CHFJPY;FFS;TRADE_CLOSED;OP_SELL;ORDER_FILLED;2019-01-15_04:37:32.846;180,684;0;109,54;109,54;0;2;11;12;11;10;ORDER_FILLED;2019-01-15_04:40:33.530;109,592;109,592;-52;-0,563066;0,0323102
154;CHFJPYFFSICM;CHFJPY;ICM;TRADE_CLOSED;OP_BUY;ORDER_DISABLED;2019-01-15_04:37:32.533;0;0;109,511;0;8;2;9;9;9;0;0;0;0;0;0;0;0
156;CADJPYF4YICM;CADJPY;F4Y;TRADE_CLOSED;OP_SELL;ORDER_FILLED;2019-01-15_04:37:34.66;180,05;0;80,737;80,737;0;2;11;11;11;10;ORDER_FILLED;2019-01-15_04:40:34.116;80,784;80,784;-47;-0,50894;1,24457
156;CADJPYF4YICM;CADJPY;ICM;TRADE_CLOSED;OP_BUY;ORDER_DISABLED;2019-01-15_04:37:34.450;0;0;80,717;0;0;2;6;6;6;0;0;0;0;0;0;0;0
155;CHFJPYFFSICM;CHFJPY;FFS;TRADE_CLOSED;OP_SELL;ORDER_FILLED;2019-01-15_04:37:34.327;182,846;0;109,566;109,566;0;2;11;13;12;9;ORDER_FILLED;2019-01-15_04:40:37.173;109,586;109,586;-20;-0,21657;-0,18426
155;CHFJPYFFSICM;CHFJPY;ICM;TRADE_CLOSED;OP_BUY;ORDER_DISABLED;2019-01-15_04:37:34.171;0;0;109,522;0;8;2;9;9;9;0;0;0;0;0;0;0;0
150;GBPNZDFFSICM;GBPNZD;FFS;TRADE_CLOSED;OP_BUY;ORDER_FILLED;2019-01-15_04:37:27.656;190,808;0;1,88742;1,88742;0;2;42;54;48;40;ORDER_FILLED;2019-01-15_04:40:38.464;1,8878;1,8878;38;0,566361;-0,344252
150;GBPNZDFFSICM;GBPNZD;ICM;TRADE_CLOSED;OP_SELL;ORDER_DISABLED;2019-01-15_04:37:27.467;0;0;1,88833;0;0;2;16;17;16;0;0;0;0;0;0;0;0
157;USDJPYF4YICM;USDJPY;F4Y;TRADE_CLOSED;OP_SELL;ORDER_FILLED;2019-01-15_04:37:36.338;181,958;0;108,311;108,311;11;2;3;3;3;3;ORDER_FILLED;2019-01-15_04:40:38.296;108,281;108,281;30;0,324837;4,00352
157;USDJPYF4YICM;USDJPY;ICM;TRADE_CLOSED;OP_BUY;ORDER_DISABLED;2019-01-15_04:37:36.417;0;0;108,257;0;8;2;3;3;3;0;0;0;0;0;0;0;0
149;AUDNZDFFSICM;AUDNZD;FFS;TRADE_CLOSED;OP_BUY;ORDER_FILLED;2019-01-15_04:37:27.656;192,2;0;1,05447;1,05447;0;2;25;31;28;25;ORDER_FILLED;2019-01-15_04:40:39.856;1,05447;1,05447;0;0;0
149;AUDNZDFFSICM;AUDNZD;ICM;TRADE_CLOSED;OP_SELL;ORDER_DISABLED;2019-01-15_04:37:27.356;0;0;1,05477;0;0;2;10;10;10;0;0;0;0;0;0;0;0
153;USDJPYFFSICM;USDJPY;FFS;TRADE_CLOSED;OP_SELL;ORDER_FILLED;2019-01-15_04:37:31.15;189,964;0;108,241;108,241;0;2;13;13;13;12;ORDER_FILLED;2019-01-15_04:40:40.979;108,289;108,289;-48;-0,519758;3,48376
153;USDJPYFFSICM;USDJPY;ICM;TRADE_CLOSED;OP_BUY;ORDER_DISABLED;2019-01-15_04:37:30.901;0;0;108,197;0;8;2;3;3;3;0;0;0;0;0;0;0;0
158;USDCADF4YICM;USDCAD;F4Y;TRADE_CLOSED;OP_SELL;ORDER_FILLED;2019-01-15_04:38:07.685;180,33;0;1,34108;1,34108;0;2;8;10;9;4;ORDER_FILLED;2019-01-15_04:41:08.15;1,34042;1,34042;66;0,884671;7,78122
158;USDCADF4YICM;USDCAD;ICM;TRADE_CLOSED;OP_BUY;ORDER_DISABLED;2019-01-15_04:38:07.945;0;0;1,34091;0;0;2;4;4;4;0;0;0;0;0;0;0;0
160;EURUSDF4YICM;EURUSD;F4Y;TRADE_CLOSED;OP_SELL;ORDER_FILLED;2019-01-15_04:41:41.747;180,014;0;1,13926;1,13926;0;2;4;4;4;2;ORDER_FILLED;2019-01-15_04:44:41.761;1,13988;1,13988;-62;-0,62;13,7
160;EURUSDF4YICM;EURUSD;ICM;TRADE_CLOSED;OP_BUY;ORDER_DISABLED;2019-01-15_04:41:42.137;0;0;1,13911;0;0;2;2;2;2;0;0;0;0;0;0;0;0
161;USDJPYF4YICM;USDJPY;F4Y;TRADE_CLOSED;OP_SELL;ORDER_FILLED;2019-01-15_04:41:47.660;179,818;0;108,275;108,275;0;2;4;4;4;1;ORDER_FILLED;2019-01-15_04:44:47.478;108,368;108,368;-93;-1,00783;2,47593
161;USDJPYF4YICM;USDJPY;ICM;TRADE_CLOSED;OP_BUY;ORDER_DISABLED;2019-01-15_04:41:48.56;0;0;108,26;0;0;2;3;3;3;0;0;0;0;0;0;0;0
159;GBPUSDFFSICM;GBPUSD;FFS;TRADE_CLOSED;OP_BUY;ORDER_FILLED;2019-01-15_04:41:30.437;206,512;0;1,2676;1,2676;0;2;18;18;18;17;ORDER_FILLED;2019-01-15_04:44:56.949;1,26933;1,26933;173;1,73;10,1
159;GBPUSDFFSICM;GBPUSD;ICM;TRADE_CLOSED;OP_SELL;ORDER_DISABLED;2019-01-15_04:41:30.374;0;0;1,26793;0;7;2;4;8;6;0;0;0;0;0;0;0;0
162;AUDUSDF4YICM;AUDUSD;ICM;TRADE_CLOSED;OP_BUY;ORDER_DISABLED;2019-01-15_04:43:38.728;0;0;0,70898;0;0;2;4;4;4;0;0;0;0;0;0;0;0
162;AUDUSDF4YICM;AUDUSD;F4Y;TRADE_CLOSED;OP_SELL;ORDER_FILLED;2019-01-15_04:43:38.124;180,136;0;0,70914;0,70914;0;2;7;7;7;3;ORDER_FILLED;2019-01-15_04:46:38.260;0,70918;0,70918;-4;-0,04;6,29
163;EURNZDFFSICM;EURNZD;ICM;TRADE_CLOSED;OP_SELL;ORDER_DISABLED;2019-01-15_04:43:57.43;0;0;1,6968;0;11;2;12;12;12;0;0;0;0;0;0;0;0
163;EURNZDFFSICM;EURNZD;FFS;TRADE_CLOSED;OP_BUY;ORDER_FILLED;2019-01-15_04:43:56.279;182,252;0;1,69627;1,69627;0;2;42;43;42;35;ORDER_FILLED;2019-01-15_04:46:58.531;1,69581;1,69581;-46;-0,684005;-10,3997
164;EURJPYF4YICM;EURJPY;F4Y;TRADE_CLOSED;OP_BUY;ORDER_FILLED;2019-01-15_04:44:38.954;180,3;0;123,511;123,511;0;2;10;10;10;8;ORDER_FILLED;2019-01-15_04:47:39.254;123,518;123,518;7;0,0758212;6,72994
164;EURJPYF4YICM;EURJPY;ICM;TRADE_CLOSED;OP_SELL;ORDER_DISABLED;2019-01-15_04:44:39.3;0;0;123,529;0;0;2;4;4;4;0;0;0;0;0;0;0;0
165;GBPAUDFFSICM;GBPAUD;ICM;TRADE_CLOSED;OP_SELL;ORDER_DISABLED;2019-01-15_04:45:50.1;0;0;1,78987;0;10;2;13;13;13;0;0;0;0;0;0;0;0
165;GBPAUDFFSICM;GBPAUD;FFS;TRADE_CLOSED;OP_BUY;ORDER_FILLED;2019-01-15_04:45:38.645;191,055;0;1,78939;1,78939;0;2;37;37;37;31;ORDER_FILLED;2019-01-15_04:48:49.700;1,78927;1,78927;-12;-0,169224;9,01254
166;GBPAUDFFSICM;GBPAUD;ICM;TRADE_CLOSED;OP_SELL;ORDER_DISABLED;2019-01-15_04:45:51.423;0;0;1,78997;0;10;2;13;13;13;0;0;0;0;0;0;0;0
166;GBPAUDFFSICM;GBPAUD;FFS;TRADE_CLOSED;OP_BUY;ORDER_FILLED;2019-01-15_04:45:38.645;192,622;0;1,78939;1,78939;0;2;37;37;37;35;ORDER_FILLED;2019-01-15_04:48:51.267;1,7891;1,7891;-29;-0,408992;8,60355
167;EURNZDFFSICM;EURNZD;ICM;TRADE_CLOSED;OP_SELL;ORDER_DISABLED;2019-01-15_04:45:52.840;0;0;1,69519;0;11;2;11;11;11;0;0;0;0;0;0;0;0
167;EURNZDFFSICM;EURNZD;FFS;TRADE_CLOSED;OP_BUY;ORDER_FILLED;2019-01-15_04:45:38.466;195,207;0;1,69447;1,69447;0;2;42;42;42;39;ORDER_FILLED;2019-01-15_04:48:53.673;1,69401;1,69401;-46;-0,684035;-11,0837
170;EURAUDFFSICM;EURAUD;ICM;TRADE_CLOSED;OP_SELL;ORDER_DISABLED;2019-01-15_04:45:54.627;0;0;1,60762;0;10;2;9;9;9;0;0;0;0;0;0;0;0
170;EURAUDFFSICM;EURAUD;FFS;TRADE_CLOSED;OP_BUY;ORDER_FILLED;2019-01-15_04:45:38.303;196,696;0;1,60717;1,60717;0;2;35;35;35;31;ORDER_FILLED;2019-01-15_04:48:54.999;1,60674;1,60674;-43;-0,606471;12,8098
171;EURAUDFFSICM;EURAUD;ICM;TRADE_CLOSED;OP_SELL;ORDER_DISABLED;2019-01-15_04:45:54.733;0;0;1,60762;0;0;2;9;9;9;0;0;0;0;0;0;0;0
171;EURAUDFFSICM;EURAUD;FFS;TRADE_CLOSED;OP_BUY;ORDER_FILLED;2019-01-15_04:45:38.303;196,696;0;1,60717;1,60717;0;2;35;35;35;31;ORDER_FILLED;2019-01-15_04:48:54.999;1,60674;1,60674;-43;-0,606471;12,2034
168;GBPAUDFFSICM;GBPAUD;ICM;TRADE_CLOSED;OP_SELL;ORDER_DISABLED;2019-01-15_04:45:52.923;0;0;1,79013;0;10;2;13;13;13;0;0;0;0;0;0;0;0
168;GBPAUDFFSICM;GBPAUD;FFS;TRADE_CLOSED;OP_BUY;ORDER_FILLED;2019-01-15_04:45:38.645;196,838;0;1,78939;1,78939;0;2;37;37;37;29;ORDER_FILLED;2019-01-15_04:48:55.483;1,78918;1,78918;-21;-0,296183;8,30737
169;GBPAUDFFSICM;GBPAUD;ICM;TRADE_CLOSED;OP_SELL;ORDER_DISABLED;2019-01-15_04:45:53.244;0;0;1,79013;0;0;2;13;13;13;0;0;0;0;0;0;0;0
169;GBPAUDFFSICM;GBPAUD;FFS;TRADE_CLOSED;OP_BUY;ORDER_FILLED;2019-01-15_04:45:38.645;196,838;0;1,78939;1,78939;0;2;37;37;37;29;ORDER_FILLED;2019-01-15_04:48:55.483;1,78918;1,78918;-21;-0,296183;8,01118
172;EURAUDF4YFFS;EURAUD;F4Y;TRADE_CLOSED;OP_SELL;ORDER_FILLED;2019-01-15_04:45:55.180;180,074;0;1,60756;1,60756;0;2;13;17;15;3;ORDER_FILLED;2019-01-15_04:48:55.254;1,60692;1,60692;64;0,902654;13,106
172;EURAUDF4YFFS;EURAUD;FFS;TRADE_CLOSED;OP_BUY;ORDER_FILLED;2019-01-15_04:45:38.303;197,331;0;1,60717;1,60717;0;2;35;35;35;31;ORDER_FILLED;2019-01-15_04:48:55.634;1,6068;1,6068;-37;-0,521847;12,5842
174;GBPAUDFFSICM;GBPAUD;ICM;TRADE_CLOSED;OP_SELL;ORDER_DISABLED;2019-01-15_04:46:01.478;0;0;1,79024;0;0;2;13;13;13;0;0;0;0;0;0;0;0
174;GBPAUDFFSICM;GBPAUD;FFS;TRADE_CLOSED;OP_BUY;ORDER_FILLED;2019-01-15_04:45:38.645;202,544;0;1,78939;1,78939;0;2;37;37;37;34;ORDER_FILLED;2019-01-15_04:49:01.189;1,78909;1,78909;-30;-0,423119;7,58807
173;EURNZDFFSICM;EURNZD;ICM;TRADE_CLOSED;OP_SELL;ORDER_DISABLED;2019-01-15_04:45:58.624;0;0;1,69519;0;0;2;11;11;11;0;0;0;0;0;0;0;0
173;EURNZDFFSICM;EURNZD;FFS;TRADE_CLOSED;OP_BUY;ORDER_FILLED;2019-01-15_04:45:38.466;203,585;0;1,69447;1,69447;0;2;42;42;42;37;ORDER_FILLED;2019-01-15_04:49:02.51;1,6944;1,6944;-7;-0,104112;-11,1878
183;EURAUDFFSICM;EURAUD;ICM;TRADE_CLOSED;OP_SELL;ORDER_DISABLED;2019-01-15_04:46:13.659;0;0;1,6077;0;0;2;9;9;9;0;0;0;0;0;0;0;0
183;EURAUDFFSICM;EURAUD;FFS;TRADE_CLOSED;OP_BUY;ORDER_FILLED;2019-01-15_04:46:13.311;180,714;0;1,60713;1,60713;0;2;35;35;35;31;ORDER_FILLED;2019-01-15_04:49:14.25;1,60703;1,60703;-10;-0,141074;12,4431
179;GBPNZDFFSICM;GBPNZD;FFS;TRADE_CLOSED;OP_BUY;ORDER_FILLED;2019-01-15_04:46:13.500;180,734;0;1,88673;1,88673;0;2;44;52;48;40;ORDER_FILLED;2019-01-15_04:49:14.234;1,88687;1,88687;14;0,208259;-0,135993
179;GBPNZDFFSICM;GBPNZD;ICM;TRADE_CLOSED;OP_SELL;ORDER_DISABLED;2019-01-15_04:46:13.466;0;0;1,88801;0;11;2;16;16;16;0;0;0;0;0;0;0;0
180;NZDCADFFSICM;NZDCAD;FFS;TRADE_CLOSED;OP_SELL;ORDER_FILLED;2019-01-15_04:46:13.500;180,734;0;0,9011;0,9011;0;2;25;27;26;24;ORDER_FILLED;2019-01-15_04:49:14.234;0,90034;0,90034;76;1,0177;1,32599
180;NZDCADFFSICM;NZDCAD;ICM;TRADE_CLOSED;OP_BUY;ORDER_DISABLED;2019-01-15_04:46:13.466;0;0;0,90051;0;10;2;12;13;12;0;0;0;0;0;0;0;0
175;EURNZDFFSICM;EURNZD;ICM;TRADE_CLOSED;OP_SELL;ORDER_DISABLED;2019-01-15_04:46:12.921;0;0;1,6954;0;11;2;11;15;13;0;0;0;0;0;0;0;0
175;EURNZDFFSICM;EURNZD;FFS;TRADE_CLOSED;OP_BUY;ORDER_FILLED;2019-01-15_04:45:38.466;215,559;0;1,69447;1,69447;0;2;42;42;42;34;ORDER_FILLED;2019-01-15_04:49:14.25;1,69447;1,69447;0;0;-11,1878
190;EURNZDF4YFFS;EURNZD;F4Y;TRADE_CLOSED;OP_SELL;ORDER_FILLED;2019-01-15_04:46:13.914;180,183;0;1,69531;1,69531;15;2;50;50;50;47;ORDER_FILLED;2019-01-15_04:49:14.97;1,69486;1,69486;45;0,669394;-10,5184
190;EURNZDF4YFFS;EURNZD;FFS;TRADE_CLOSED;OP_BUY;ORDER_FILLED;2019-01-15_04:46:14.154;180,318;0;1,69453;1,69453;0;2;42;42;42;34;ORDER_FILLED;2019-01-15_04:49:14.472;1,69446;1,69446;-7;-0,104128;-10,6226
195;EURNZDF4YFFS;EURNZD;F4Y;TRADE_CLOSED;OP_SELL;ORDER_FILLED;2019-01-15_04:46:14.264;179,833;0;1,69562;1,69562;15;2;50;59;54;47;ORDER_FILLED;2019-01-15_04:49:14.97;1,69486;1,69486;76;1,13053;-9,49204
195;EURNZDF4YFFS;EURNZD;FFS;TRADE_CLOSED;OP_BUY;ORDER_FILLED;2019-01-15_04:46:14.154;180,318;0;1,69453;1,69453;0;2;42;42;42;34;ORDER_FILLED;2019-01-15_04:49:14.472;1,69446;1,69446;-7;-0,104128;-9,59617
189;GBPAUDFFSICM;GBPAUD;ICM;TRADE_CLOSED;OP_SELL;ORDER_DISABLED;2019-01-15_04:46:14.192;0;0;1,79024;0;0;2;12;12;12;0;0;0;0;0;0;0;0
189;GBPAUDFFSICM;GBPAUD;FFS;TRADE_CLOSED;OP_BUY;ORDER_FILLED;2019-01-15_04:46:14.154;180,318;0;1,78929;1,78929;0;2;37;37;37;33;ORDER_FILLED;2019-01-15_04:49:14.472;1,78955;1,78955;26;0,366791;7,95486
181;NZDCHFFFSICM;NZDCHF;FFS;TRADE_CLOSED;OP_SELL;ORDER_FILLED;2019-01-15_04:46:13.500;181,319;0;0,66422;0,66422;0;2;17;17;17;16;ORDER_FILLED;2019-01-15_04:49:14.819;0,66405;0,66405;17;0,167895;-0,276792
181;NZDCHFFFSICM;NZDCHF;ICM;TRADE_CLOSED;OP_BUY;ORDER_DISABLED;2019-01-15_04:46:13.466;0;0;0,66377;0;7;2;6;6;6;0;0;0;0;0;0;0;0
194;NZDCHFFFSICM;NZDCHF;FFS;TRADE_CLOSED;OP_SELL;ORDER_FILLED;2019-01-15_04:46:14.516;180,303;0;0,6642;0,6642;0;2;16;18;17;16;ORDER_FILLED;2019-01-15_04:49:14.819;0,66405;0,66405;15;0,148143;-0,128649
194;NZDCHFFFSICM;NZDCHF;ICM;TRADE_CLOSED;OP_BUY;ORDER_DISABLED;2019-01-15_04:46:14.354;0;0;0,66362;0;7;2;6;6;6;0;0;0;0;0;0;0;0
192;GBPNZDFFSICM;GBPNZD;FFS;TRADE_CLOSED;OP_BUY;ORDER_FILLED;2019-01-15_04:46:14.516;180,769;0;1,88672;1,88672;0;2;44;50;47;41;ORDER_FILLED;2019-01-15_04:49:15.285;1,88686;1,88686;14;0,208256;0,0722628
192;GBPNZDFFSICM;GBPNZD;ICM;TRADE_CLOSED;OP_SELL;ORDER_DISABLED;2019-01-15_04:46:14.192;0;0;1,8884;0;11;2;16;16;16;0;0;0;0;0;0;0;0
191;EURJPYFFSICM;EURJPY;FFS;TRADE_CLOSED;OP_SELL;ORDER_FILLED;2019-01-15_04:46:14.516;183,062;0;123,531;123,531;0;2;22;22;22;20;ORDER_FILLED;2019-01-15_04:49:17.578;123,382;123,382;149;1,61351;8,34344
191;EURJPYFFSICM;EURJPY;ICM;TRADE_CLOSED;OP_BUY;ORDER_DISABLED;2019-01-15_04:46:14.471;0;0;123,497;0;8;2;3;3;3;0;0;0;0;0;0;0;0
196;AUDNZDFFSICM;AUDNZD;FFS;TRADE_CLOSED;OP_BUY;ORDER_FILLED;2019-01-15_04:46:14.961;182,87;0;1,05456;1,05456;0;2;26;26;26;23;ORDER_FILLED;2019-01-15_04:49:17.831;1,05435;1,05435;-21;-0,312388;-0,312388
196;AUDNZDFFSICM;AUDNZD;ICM;TRADE_CLOSED;OP_SELL;ORDER_DISABLED;2019-01-15_04:46:14.409;0;0;1,05484;0;0;2;9;9;9;0;0;0;0;0;0;0;0
177;AUDJPYFFSICM;AUDJPY;FFS;TRADE_CLOSED;OP_SELL;ORDER_FILLED;2019-01-15_04:46:13.500;186,487;0;76,869;76,869;0;2;23;24;23;22;ORDER_FILLED;2019-01-15_04:49:19.987;76,783;76,783;86;0,931337;-1,19192
177;AUDJPYFFSICM;AUDJPY;ICM;TRADE_CLOSED;OP_BUY;ORDER_DISABLED;2019-01-15_04:46:13.465;0;0;76,824;0;8;2;6;6;6;0;0;0;0;0;0;0;0
186;AUDJPYFFSICM;AUDJPY;FFS;TRADE_CLOSED;OP_SELL;ORDER_FILLED;2019-01-15_04:46:14.154;185,833;0;76,872;76,872;0;2;23;23;23;22;ORDER_FILLED;2019-01-15_04:49:19.987;76,783;76,783;89;0,963826;-0,228095
186;AUDJPYFFSICM;AUDJPY;ICM;TRADE_CLOSED;OP_BUY;ORDER_DISABLED;2019-01-15_04:46:14.73;0;0;76,817;0;8;2;6;6;6;0;0;0;0;0;0;0;0
182;NZDJPYFFSICM;NZDJPY;FFS;TRADE_CLOSED;OP_SELL;ORDER_FILLED;2019-01-15_04:46:13.500;188,353;0;72,902;72,902;0;2;23;23;23;21;ORDER_FILLED;2019-01-15_04:49:21.853;72,826;72,826;76;0,823118;-4,0073
182;NZDJPYFFSICM;NZDJPY;ICM;TRADE_CLOSED;OP_BUY;ORDER_DISABLED;2019-01-15_04:46:13.466;0;0;72,839;0;8;2;5;6;5;0;0;0;0;0;0;0;0
187;NZDJPYFFSICM;NZDJPY;FFS;TRADE_CLOSED;OP_SELL;ORDER_FILLED;2019-01-15_04:46:14.154;187,699;0;72,902;72,902;0;2;23;23;23;21;ORDER_FILLED;2019-01-15_04:49:21.853;72,826;72,826;76;0,823118;-3,18418
187;NZDJPYFFSICM;NZDJPY;ICM;TRADE_CLOSED;OP_BUY;ORDER_DISABLED;2019-01-15_04:46:14.74;0;0;72,819;0;8;2;5;5;5;0;0;0;0;0;0;0;0
176;EURNZDFFSICM;EURNZD;ICM;TRADE_CLOSED;OP_SELL;ORDER_DISABLED;2019-01-15_04:46:13.352;0;0;1,69548;0;11;2;11;12;11;0;0;0;0;0;0;0;0
176;EURNZDFFSICM;EURNZD;FFS;TRADE_CLOSED;OP_BUY;ORDER_FILLED;2019-01-15_04:45:38.466;223,216;0;1,69447;1,69447;0;2;42;42;42;31;ORDER_FILLED;2019-01-15_04:49:21.682;1,6946;1,6946;13;0,19336;-9,40281
184;EURNZDFFSICM;EURNZD;ICM;TRADE_CLOSED;OP_SELL;ORDER_DISABLED;2019-01-15_04:46:13.848;0;0;1,69566;0;11;2;11;14;12;0;0;0;0;0;0;0;0
184;EURNZDFFSICM;EURNZD;FFS;TRADE_CLOSED;OP_BUY;ORDER_FILLED;2019-01-15_04:46:13.500;188,182;0;1,69454;1,69454;0;2;42;42;42;31;ORDER_FILLED;2019-01-15_04:49:21.682;1,6946;1,6946;6;0,0892432;-9,31357
185;EURNZDFFSICM;EURNZD;ICM;TRADE_CLOSED;OP_SELL;ORDER_DISABLED;2019-01-15_04:46:13.892;0;0;1,69581;0;11;2;11;11;11;0;0;0;0;0;0;0;0
185;EURNZDFFSICM;EURNZD;FFS;TRADE_CLOSED;OP_BUY;ORDER_FILLED;2019-01-15_04:46:13.500;188,182;0;1,69454;1,69454;0;2;42;42;42;31;ORDER_FILLED;2019-01-15_04:49:21.682;1,6946;1,6946;6;0,0892432;-9,22432
193;NZDCADFFSICM;NZDCAD;FFS;TRADE_CLOSED;OP_SELL;ORDER_FILLED;2019-01-15_04:46:14.516;187,742;0;0,90111;0,90111;0;2;25;27;26;25;ORDER_FILLED;2019-01-15_04:49:22.258;0,90037;0,90037;74;0,990882;2,31688
193;NZDCADFFSICM;NZDCAD;ICM;TRADE_CLOSED;OP_BUY;ORDER_DISABLED;2019-01-15_04:46:14.410;0;0;0,90037;0;10;2;12;12;12;0;0;0;0;0;0;0;0
188;NZDUSDFFSICM;NZDUSD;FFS;TRADE_CLOSED;OP_SELL;ORDER_FILLED;2019-01-15_04:46:14.154;188,179;0;0,67274;0,67274;0;2;15;15;15;14;ORDER_FILLED;2019-01-15_04:49:22.333;0,6724;0,6724;34;0,34;-2,1
188;NZDUSDFFSICM;NZDUSD;ICM;TRADE_CLOSED;OP_BUY;ORDER_DISABLED;2019-01-15_04:46:13.973;0;0;0,67208;0;7;2;3;3;3;0;0;0;0;0;0;0;0
178;AUDUSDF4YFFS;AUDUSD;FFS;TRADE_CLOSED;OP_SELL;ORDER_FILLED;2019-01-15_04:46:13.500;195,267;0;0,70936;0,70936;0;2;15;15;15;12;ORDER_FILLED;2019-01-15_04:49:28.767;0,70893;0,70893;43;0,43;6,72
178;AUDUSDF4YFFS;AUDUSD;F4Y;TRADE_CLOSED;OP_BUY;ORDER_FILLED;2019-01-15_04:46:12.906;194,593;0;0,70902;0,70902;10;2;7;7;7;6;ORDER_FILLED;2019-01-15_04:49:27.499;0,70892;0,70892;-10;-0,1;6,62
197;EURUSDF4YICM;EURUSD;F4Y;TRADE_CLOSED;OP_BUY;ORDER_FILLED;2019-01-15_04:46:43.664;180,185;0;1,14023;1,14023;0;2;3;5;4;1;ORDER_FILLED;2019-01-15_04:49:43.849;1,13929;1,13929;-94;-0,94;12,76
197;EURUSDF4YICM;EURUSD;ICM;TRADE_CLOSED;OP_SELL;ORDER_DISABLED;2019-01-15_04:46:44.4;0;0;1,14036;0;0;2;1;1;1;0;0;0;0;0;0;0;0
198;USDJPYF4YICM;USDJPY;F4Y;TRADE_CLOSED;OP_SELL;ORDER_FILLED;2019-01-15_04:50:21.291;180,696;0;108,305;108,305;11;2;3;3;3;3;ORDER_FILLED;2019-01-15_04:53:21.987;108,287;108,287;18;0,194913;2,67084
198;USDJPYF4YICM;USDJPY;ICM;TRADE_CLOSED;OP_BUY;ORDER_DISABLED;2019-01-15_04:50:21.634;0;0;108,272;0;8;2;3;3;3;0;0;0;0;0;0;0;0
199;USDCADF4YICM;USDCAD;F4Y;TRADE_CLOSED;OP_BUY;ORDER_FILLED;2019-01-15_04:56:56.254;182,733;0;1,33919;1,33919;0;2;7;8;7;7;ORDER_FILLED;2019-01-15_04:59:58.987;1,33922;1,33922;3;0,0401763;7,82139
199;USDCADF4YICM;USDCAD;ICM;TRADE_CLOSED;OP_SELL;ORDER_DISABLED;2019-01-15_04:56:56.646;0;0;1,33935;0;0;2;3;3;3;0;0;0;0;0;0;0;0
200;AUDUSDF4YICM;AUDUSD;ICM;TRADE_CLOSED;OP_SELL;ORDER_DISABLED;2019-01-15_05:01:57.303;0;0;0,70935;0;0;2;3;3;3;0;0;0;0;0;0;0;0
200;AUDUSDF4YICM;AUDUSD;F4Y;TRADE_CLOSED;OP_BUY;ORDER_FILLED;2019-01-15_05:01:55.848;182,406;0;0,7092;0,7092;0;2;6;6;6;6;ORDER_FILLED;2019-01-15_05:04:58.254;0,71005;0,71005;85;0,85;7,47
202;EURUSDF4YICM;EURUSD;F4Y;TRADE_CLOSED;OP_BUY;ORDER_FILLED;2019-01-15_05:02:48.499;181,947;0;1,14001;1,14001;10;2;3;3;3;1;ORDER_FILLED;2019-01-15_05:05:50.446;1,14021;1,14021;20;0,2;12,96
202;EURUSDF4YICM;EURUSD;ICM;TRADE_CLOSED;OP_SELL;ORDER_DISABLED;2019-01-15_05:02:48.845;0;0;1,14038;0;7;2;1;1;1;0;0;0;0;0;0;0;0
201;EURUSDFFSICM;EURUSD;FFS;TRADE_CLOSED;OP_BUY;ORDER_FILLED;2019-01-15_05:02:48.858;182,034;0;1,14004;1,14004;0;2;11;11;11;8;ORDER_FILLED;2019-01-15_05:05:50.892;1,14018;1,14018;14;0,14;13,1
201;EURUSDFFSICM;EURUSD;ICM;TRADE_CLOSED;OP_SELL;ORDER_DISABLED;2019-01-15_05:02:48.767;0;0;1,14028;0;7;2;1;1;1;0;0;0;0;0;0;0;0
205;USDJPYFFSICM;USDJPY;FFS;TRADE_CLOSED;OP_BUY;ORDER_FILLED;2019-01-15_05:02:58.80;182,611;0;108,189;108,189;0;2;12;12;12;12;ORDER_FILLED;2019-01-15_05:06:00.691;108,194;108,194;5;0,054099;2,72494
205;USDJPYFFSICM;USDJPY;ICM;TRADE_CLOSED;OP_SELL;ORDER_DISABLED;2019-01-15_05:02:58.21;0;0;108,207;0;0;2;3;3;3;0;0;0;0;0;0;0;0
204;EURUSDFFSICM;EURUSD;FFS;TRADE_CLOSED;OP_SELL;ORDER_FILLED;2019-01-15_05:02:55.924;185,708;0;1,14044;1,14044;0;2;11;12;11;10;ORDER_FILLED;2019-01-15_05:06:01.632;1,14007;1,14007;37;0,37;13,47
204;EURUSDFFSICM;EURUSD;ICM;TRADE_CLOSED;OP_BUY;ORDER_DISABLED;2019-01-15_05:02:55.718;0;0;1,14008;0;7;2;1;1;1;0;0;0;0;0;0;0;0
203;EURJPYF4YICM;EURJPY;F4Y;TRADE_CLOSED;OP_SELL;ORDER_FILLED;2019-01-15_05:02:52.555;189,699;0;123,376;123,376;0;2;10;13;11;8;ORDER_FILLED;2019-01-15_05:06:02.254;123,353;123,353;23;0,248844;8,59229
203;EURJPYF4YICM;EURJPY;ICM;TRADE_CLOSED;OP_BUY;ORDER_DISABLED;2019-01-15_05:02:52.796;0;0;123,356;0;0;2;4;4;4;0;0;0;0;0;0;0;0
206;EURAUDFFSICM;EURAUD;ICM;TRADE_CLOSED;OP_BUY;ORDER_DISABLED;2019-01-15_05:03:04.953;0;0;1,60603;0;0;2;8;8;8;0;0;0;0;0;0;0;0
206;EURAUDFFSICM;EURAUD;FFS;TRADE_CLOSED;OP_SELL;ORDER_FILLED;2019-01-15_05:03:04.205;182,46;0;1,60633;1,60633;0;2;30;30;30;27;ORDER_FILLED;2019-01-15_05:06:06.665;1,60595;1,60595;38;0,535174;12,9783
207;GBPAUDFFSICM;GBPAUD;ICM;TRADE_CLOSED;OP_BUY;ORDER_DISABLED;2019-01-15_05:03:22.585;0;0;1,7883;0;0;2;10;11;10;0;0;0;0;0;0;0;0
207;GBPAUDFFSICM;GBPAUD;FFS;TRADE_CLOSED;OP_SELL;ORDER_FILLED;2019-01-15_05:03:21.855;182,177;0;1,78862;1,78862;0;2;32;34;33;32;ORDER_FILLED;2019-01-15_05:06:24.32;1,78876;1,78876;-14;-0,197169;7,75769
208;USDJPYF4YICM;USDJPY;F4Y;TRADE_CLOSED;OP_SELL;ORDER_FILLED;2019-01-15_05:03:37.803;179,946;0;108,184;108,184;0;2;3;3;3;3;ORDER_FILLED;2019-01-15_05:06:37.749;108,183;108,183;1;0,0108185;2,73576
208;USDJPYF4YICM;USDJPY;ICM;TRADE_CLOSED;OP_BUY;ORDER_DISABLED;2019-01-15_05:03:38.167;0;0;108,17;0;0;2;2;2;2;0;0;0;0;0;0;0;0
209;EURUSDF4YICM;EURUSD;F4Y;TRADE_CLOSED;OP_BUY;ORDER_FILLED;2019-01-15_05:07:08.562;181,173;0;1,14081;1,14081;0;2;3;3;3;1;ORDER_FILLED;2019-01-15_05:10:09.735;1,14074;1,14074;-7;-0,07;13,4
209;EURUSDF4YICM;EURUSD;ICM;TRADE_CLOSED;OP_SELL;ORDER_DISABLED;2019-01-15_05:07:08.794;0;0;1,14094;0;0;2;1;1;1;0;0;0;0;0;0;0;0
210;USDJPYF4YICM;USDJPY;F4Y;TRADE_CLOSED;OP_SELL;ORDER_FILLED;2019-01-15_05:09:14.967;180,054;0;108,194;108,194;0;2;3;4;3;2;ORDER_FILLED;2019-01-15_05:12:15.21;108,122;108,122;72;0,778471;3,51423
210;USDJPYF4YICM;USDJPY;ICM;TRADE_CLOSED;OP_BUY;ORDER_DISABLED;2019-01-15_05:09:15.348;0;0;108,181;0;0;2;2;2;2;0;0;0;0;0;0;0;0
211;USDCADF4YICM;USDCAD;F4Y;TRADE_CLOSED;OP_SELL;ORDER_FILLED;2019-01-15_05:09:16.258;181,002;0;1,33924;1,33924;0;2;7;7;7;7;ORDER_FILLED;2019-01-15_05:12:17.260;1,33912;1,33912;12;0,160691;7,98208
211;USDCADF4YICM;USDCAD;ICM;TRADE_CLOSED;OP_BUY;ORDER_DISABLED;2019-01-15_05:09:16.353;0;0;1,33906;0;0;2;4;4;4;0;0;0;0;0;0;0;0
212;GBPAUDFFSICM;GBPAUD;ICM;TRADE_CLOSED;OP_SELL;ORDER_DISABLED;2019-01-15_05:10:45.565;0;0;1,79052;0;0;2;10;13;11;0;0;0;0;0;0;0;0
212;GBPAUDFFSICM;GBPAUD;FFS;TRADE_CLOSED;OP_BUY;ORDER_FILLED;2019-01-15_05:10:34.669;197,103;0;1,79019;1,79019;0;2;32;32;32;29;ORDER_FILLED;2019-01-15_05:13:51.772;1,79093;1,79093;74;1,04199;8,79968
213;GBPNZDFFSICM;GBPNZD;FFS;TRADE_CLOSED;OP_BUY;ORDER_FILLED;2019-01-15_05:10:50.711;186,847;0;1,88715;1,88715;0;2;41;41;41;41;ORDER_FILLED;2019-01-15_05:13:57.558;1,88714;1,88714;-1;-0,0148386;0,0574242
213;GBPNZDFFSICM;GBPNZD;ICM;TRADE_CLOSED;OP_SELL;ORDER_DISABLED;2019-01-15_05:10:50.607;0;0;1,88754;0;0;2;15;16;15;0;0;0;0;0;0;0;0
214;GBPUSDFFSICM;GBPUSD;FFS;TRADE_CLOSED;OP_BUY;ORDER_FILLED;2019-01-15_05:10:50.865;257,891;0;1,27143;1,27143;0;2;16;17;16;15;ORDER_FILLED;2019-01-15_05:15:08.756;1,27223;1,27223;80;0,8;10,9
214;GBPUSDFFSICM;GBPUSD;ICM;TRADE_CLOSED;OP_SELL;ORDER_DISABLED;2019-01-15_05:10:50.779;0;0;1,27163;0;0;2;3;4;3;0;0;0;0;0;0;0;0
215;EURGBPF4YICM;EURGBP;F4Y;TRADE_CLOSED;OP_SELL;ORDER_FILLED;2019-01-15_05:12:12.940;190,125;0;0,89691;0,89691;0;2;9;9;9;6;ORDER_FILLED;2019-01-15_05:15:23.65;0,89707;0,89707;-16;-0,125797;-0,0546671
215;EURGBPF4YICM;EURGBP;ICM;TRADE_CLOSED;OP_BUY;ORDER_DISABLED;2019-01-15_05:12:13.190;0;0;0,89672;0;0;2;3;3;3;0;0;0;0;0;0;0;0
216;AUDUSDF4YICM;AUDUSD;ICM;TRADE_CLOSED;OP_SELL;ORDER_DISABLED;2019-01-15_05:12:45.866;0;0;0,71007;0;0;2;3;3;3;0;0;0;0;0;0;0;0
216;AUDUSDF4YICM;AUDUSD;F4Y;TRADE_CLOSED;OP_BUY;ORDER_FILLED;2019-01-15_05:12:45.333;179,678;0;0,70992;0,70992;0;2;6;6;6;6;ORDER_FILLED;2019-01-15_05:15:45.11;0,71006;0,71006;14;0,14;7,61
217;EURUSDFFSICM;EURUSD;FFS;TRADE_CLOSED;OP_BUY;ORDER_FILLED;2019-01-15_05:14:27.109;182,159;0;1,14116;1,14116;0;2;11;11;11;11;ORDER_FILLED;2019-01-15_05:17:29.268;1,1407;1,1407;-46;-0,46;12,94
217;EURUSDFFSICM;EURUSD;ICM;TRADE_CLOSED;OP_SELL;ORDER_DISABLED;2019-01-15_05:14:26.996;0;0;1,14134;0;0;2;1;1;1;0;0;0;0;0;0;0;0
218;GBPAUDFFSICM;GBPAUD;ICM;TRADE_CLOSED;OP_BUY;ORDER_DISABLED;2019-01-15_05:15:25.192;0;0;1,79118;0;10;2;11;11;11;0;0;0;0;0;0;0;0
218;GBPAUDFFSICM;GBPAUD;FFS;TRADE_CLOSED;OP_SELL;ORDER_FILLED;2019-01-15_05:15:25.211;180,356;0;1,79162;1,79162;0;2;32;32;32;31;ORDER_FILLED;2019-01-15_05:18:25.567;1,79108;1,79108;54;0,760703;9,56038
219;EURUSDF4YICM;EURUSD;F4Y;TRADE_CLOSED;OP_BUY;ORDER_FILLED;2019-01-15_05:15:50.911;180,345;0;1,14081;1,14081;0;2;3;3;3;3;ORDER_FILLED;2019-01-15_05:18:51.256;1,14083;1,14083;2;0,02;12,96
219;EURUSDF4YICM;EURUSD;ICM;TRADE_CLOSED;OP_SELL;ORDER_DISABLED;2019-01-15_05:15:51.305;0;0;1,14094;0;0;2;1;1;1;0;0;0;0;0;0;0;0
220;USDJPYF4YICM;USDJPY;F4Y;TRADE_CLOSED;OP_SELL;ORDER_FILLED;2019-01-15_05:16:59.493;180,454;0;108,134;108,134;0;2;3;3;3;3;ORDER_FILLED;2019-01-15_05:19:59.947;108,157;108,157;-23;-0,248757;3,26547
220;USDJPYF4YICM;USDJPY;ICM;TRADE_CLOSED;OP_BUY;ORDER_DISABLED;2019-01-15_05:16:59.766;0;0;108,121;0;0;2;2;2;2;0;0;0;0;0;0;0;0
221;GBPUSDFFSICM;GBPUSD;FFS;TRADE_CLOSED;OP_BUY;ORDER_FILLED;2019-01-15_05:21:47.48;187,227;0;1,27271;1,27271;0;2;16;16;16;15;ORDER_FILLED;2019-01-15_05:24:54.275;1,27229;1,27229;-42;-0,42;10,48
221;GBPUSDFFSICM;GBPUSD;ICM;TRADE_CLOSED;OP_SELL;ORDER_DISABLED;2019-01-15_05:21:46.867;0;0;1,27291;0;0;2;4;4;4;0;0;0;0;0;0;0;0
222;GBPJPYFFSICM;GBPJPY;ICM;TRADE_CLOSED;OP_SELL;ORDER_DISABLED;2019-01-15_05:22:12.302;0;0;137,75;0;0;2;7;8;7;0;0;0;0;0;0;0;0
222;GBPJPYFFSICM;GBPJPY;FFS;TRADE_CLOSED;OP_BUY;ORDER_FILLED;2019-01-15_05:22:11.595;180,648;0;137,723;137,723;0;2;26;26;26;26;ORDER_FILLED;2019-01-15_05:25:12.243;137,712;137,712;-11;-0,11909;0,766106
223;EURAUDFFSICM;EURAUD;ICM;TRADE_CLOSED;OP_BUY;ORDER_DISABLED;2019-01-15_05:24:27.124;0;0;1,60593;0;10;2;7;7;7;0;0;0;0;0;0;0;0
223;EURAUDFFSICM;EURAUD;FFS;TRADE_CLOSED;OP_SELL;ORDER_FILLED;2019-01-15_05:24:26.443;179,494;0;1,60635;1,60635;0;2;30;30;30;30;ORDER_FILLED;2019-01-15_05:27:25.937;1,60697;1,60697;-62;-0,873338;12,1049
224;EURAUDFFSICM;EURAUD;ICM;TRADE_CLOSED;OP_BUY;ORDER_DISABLED;2019-01-15_05:24:27.227;0;0;1,60592;0;0;2;7;7;7;0;0;0;0;0;0;0;0
224;EURAUDFFSICM;EURAUD;FFS;TRADE_CLOSED;OP_SELL;ORDER_FILLED;2019-01-15_05:24:26.443;179,494;0;1,60635;1,60635;0;2;30;30;30;30;ORDER_FILLED;2019-01-15_05:27:25.937;1,60697;1,60697;-62;-0,873375;11,2316
225;AUDJPYF4YICM;AUDJPY;F4Y;TRADE_CLOSED;OP_BUY;ORDER_FILLED;2019-01-15_05:26:24.183;182,071;0;76,876;76,876;0;2;7;8;7;6;ORDER_FILLED;2019-01-15_05:29:26.254;76,852;76,852;-24;-0,259807;-0,487903
225;AUDJPYF4YICM;AUDJPY;ICM;TRADE_CLOSED;OP_SELL;ORDER_DISABLED;2019-01-15_05:26:24.495;0;0;76,892;0;0;2;4;4;4;0;0;0;0;0;0;0;0
226;USDCADF4YICM;USDCAD;F4Y;TRADE_CLOSED;OP_BUY;ORDER_FILLED;2019-01-15_05:29:28.169;179,924;0;1,33991;1,33991;14;2;8;8;8;7;ORDER_FILLED;2019-01-15_05:32:28.93;1,34035;1,34035;44;0,589763;8,57185
226;USDCADF4YICM;USDCAD;ICM;TRADE_CLOSED;OP_SELL;ORDER_DISABLED;2019-01-15_05:29:28.391;0;0;1,34036;0;10;2;4;4;4;0;0;0;0;0;0;0;0
227;USDCADFFSICM;USDCAD;FFS;TRADE_CLOSED;OP_BUY;ORDER_FILLED;2019-01-15_05:29:28.847;189,94;0;1,34003;1,34003;0;2;13;13;13;13;ORDER_FILLED;2019-01-15_05:32:38.787;1,34035;1,34035;32;0,428922;9,00077
227;USDCADFFSICM;USDCAD;ICM;TRADE_CLOSED;OP_SELL;ORDER_DISABLED;2019-01-15_05:29:28.700;0;0;1,34043;0;10;2;4;4;4;0;0;0;0;0;0;0;0
228;EURUSDF4YICM;EURUSD;F4Y;TRADE_CLOSED;OP_SELL;ORDER_FILLED;2019-01-15_05:32:30.254;186,003;0;1,14094;1,14094;0;2;3;3;3;3;ORDER_FILLED;2019-01-15_05:35:36.257;1,14086;1,14086;8;0,08;13,04
228;EURUSDF4YICM;EURUSD;ICM;TRADE_CLOSED;OP_BUY;ORDER_DISABLED;2019-01-15_05:32:30.214;0;0;1,14082;0;0;2;1;1;1;0;0;0;0;0;0;0;0
229;AUDUSDF4YICM;AUDUSD;ICM;TRADE_CLOSED;OP_SELL;ORDER_DISABLED;2019-01-15_05:35:59.983;0;0;0,70993;0;0;2;3;3;3;0;0;0;0;0;0;0;0
229;AUDUSDF4YICM;AUDUSD;F4Y;TRADE_CLOSED;OP_BUY;ORDER_FILLED;2019-01-15_05:35:59.406;179,602;0;0,70978;0,70978;0;2;6;6;6;5;ORDER_FILLED;2019-01-15_05:38:59.8;0,70952;0,70952;-26;-0,26;7,35
230;USDCADF4YICM;USDCAD;F4Y;TRADE_CLOSED;OP_BUY;ORDER_FILLED;2019-01-15_05:37:05.681;180,573;0;1,34154;1,34154;14;2;8;8;8;8;ORDER_FILLED;2019-01-15_05:40:06.254;1,34188;1,34188;34;0,456246;9,45701
230;USDCADF4YICM;USDCAD;ICM;TRADE_CLOSED;OP_SELL;ORDER_DISABLED;2019-01-15_05:37:06.31;0;0;1,34198;0;10;2;4;4;4;0;0;0;0;0;0;0;0
231;USDCADFFSICM;USDCAD;FFS;TRADE_CLOSED;OP_BUY;ORDER_FILLED;2019-01-15_05:37:06.403;181,448;0;1,34153;1,34153;0;2;14;15;14;14;ORDER_FILLED;2019-01-15_05:40:07.851;1,34185;1,34185;32;0,429405;9,88642
231;USDCADFFSICM;USDCAD;ICM;TRADE_CLOSED;OP_SELL;ORDER_DISABLED;2019-01-15_05:37:06.188;0;0;1,34198;0;10;2;4;4;4;0;0;0;0;0;0;0;0
232;GBPUSDFFSICM;GBPUSD;FFS;TRADE_CLOSED;OP_BUY;ORDER_FILLED;2019-01-15_05:54:21.469;237,427;0;1,27203;1,27203;0;2;15;15;15;14;ORDER_FILLED;2019-01-15_05:58:18.896;1,27337;1,27337;134;1,34;11,82
232;GBPUSDFFSICM;GBPUSD;ICM;TRADE_CLOSED;OP_SELL;ORDER_DISABLED;2019-01-15_05:54:21.434;0;0;1,27222;0;0;2;3;3;3;0;0;0;0;0;0;0;0
234;GBPUSDF4YICM;GBPUSD;F4Y;TRADE_CLOSED;OP_BUY;ORDER_FILLED;2019-01-15_05:58:16.357;183,311;0;1,27333;1,27333;0;2;10;10;10;9;ORDER_FILLED;2019-01-15_06:01:19.668;1,27268;1,27268;-65;-0,65;11,17
234;GBPUSDF4YICM;GBPUSD;ICM;TRADE_CLOSED;OP_SELL;ORDER_DISABLED;2019-01-15_05:58:16.713;0;0;1,27353;0;0;2;4;4;4;0;0;0;0;0;0;0;0
233;GBPJPYFFSICM;GBPJPY;ICM;TRADE_CLOSED;OP_SELL;ORDER_DISABLED;2019-01-15_05:58:11.144;0;0;137,937;0;0;2;6;6;6;0;0;0;0;0;0;0;0
233;GBPJPYFFSICM;GBPJPY;FFS;TRADE_CLOSED;OP_BUY;ORDER_FILLED;2019-01-15_05:58:10.500;223,515;0;137,909;137,909;0;2;24;26;25;25;ORDER_FILLED;2019-01-15_06:01:54.15;137,83;137,83;-79;-0,855878;-0,0897725
235;GBPUSDFFSICM;GBPUSD;FFS;TRADE_CLOSED;OP_BUY;ORDER_FILLED;2019-01-15_06:02:17.610;217,715;0;1,27242;1,27242;0;2;15;15;15;15;ORDER_FILLED;2019-01-15_06:05:55.325;1,27324;1,27324;82;0,82;11,99
235;GBPUSDFFSICM;GBPUSD;ICM;TRADE_CLOSED;OP_SELL;ORDER_DISABLED;2019-01-15_06:02:17.489;0;0;1,27262;0;0;2;4;4;4;0;0;0;0;0;0;0;0
236;EURUSDF4YICM;EURUSD;F4Y;TRADE_CLOSED;OP_SELL;ORDER_FILLED;2019-01-15_06:20:58.706;180,548;0;1,14077;1,14077;0;2;4;4;4;2;ORDER_FILLED;2019-01-15_06:23:59.254;1,14012;1,14012;65;0,65;13,69
236;EURUSDF4YICM;EURUSD;ICM;TRADE_CLOSED;OP_BUY;ORDER_DISABLED;2019-01-15_06:20:58.677;0;0;1,14064;0;0;2;1;1;1;0;0;0;0;0;0;0;0
237;AUDUSDF4YICM;AUDUSD;ICM;TRADE_CLOSED;OP_BUY;ORDER_DISABLED;2019-01-15_06:23:20.435;0;0;0,71048;0;0;2;3;3;3;0;0;0;0;0;0;0;0
237;AUDUSDF4YICM;AUDUSD;F4Y;TRADE_CLOSED;OP_SELL;ORDER_FILLED;2019-01-15_06:23:19.254;178,917;0;0,71062;0,71062;0;2;6;6;6;5;ORDER_FILLED;2019-01-15_06:26:18.171;0,71046;0,71046;16;0,16;7,51
238;EURUSDF4YICM;EURUSD;F4Y;TRADE_CLOSED;OP_SELL;ORDER_FILLED;2019-01-15_06:27:52.716;180,742;0;1,14009;1,14009;0;2;4;4;4;3;ORDER_FILLED;2019-01-15_06:30:53.458;1,1396;1,1396;49;0,49;14,18
238;EURUSDF4YICM;EURUSD;ICM;TRADE_CLOSED;OP_BUY;ORDER_DISABLED;2019-01-15_06:27:53.76;0;0;1,13996;0;0;2;1;1;1;0;0;0;0;0;0;0;0
239;GBPAUDFFSICM;GBPAUD;ICM;TRADE_CLOSED;OP_BUY;ORDER_DISABLED;2019-01-15_06:55:59.106;0;0;1,78938;0;0;2;10;13;11;0;0;0;0;0;0;0;0
239;GBPAUDFFSICM;GBPAUD;FFS;TRADE_CLOSED;OP_SELL;ORDER_FILLED;2019-01-15_06:55:57.669;181,461;0;1,78972;1,78972;0;2;33;33;33;32;ORDER_FILLED;2019-01-15_06:58:59.130;1,78857;1,78857;115;1,61589;11,1763
240;EURAUDFFSICM;EURAUD;ICM;TRADE_CLOSED;OP_BUY;ORDER_DISABLED;2019-01-15_06:56:00.155;0;0;1,60323;0;0;2;7;10;8;0;0;0;0;0;0;0;0
240;EURAUDFFSICM;EURAUD;FFS;TRADE_CLOSED;OP_SELL;ORDER_FILLED;2019-01-15_06:55:59.191;187,519;0;1,60352;1,60352;0;2;27;28;27;26;ORDER_FILLED;2019-01-15_06:59:06.710;1,60288;1,60288;64;0,899306;12,1309
241;USDJPYF4YICM;USDJPY;F4Y;TRADE_CLOSED;OP_BUY;ORDER_FILLED;2019-01-15_07:10:39.406;180,519;0;108,451;108,451;0;2;4;4;4;4;ORDER_FILLED;2019-01-15_07:13:39.925;108,46;108,46;9;0,0976158;3,36309
241;USDJPYF4YICM;USDJPY;ICM;TRADE_CLOSED;OP_SELL;ORDER_DISABLED;2019-01-15_07:10:26.325;0;0;108,465;0;0;2;2;2;2;0;0;0;0;0;0;0;0
242;GBPUSDF4YICM;GBPUSD;F4Y;TRADE_CLOSED;OP_SELL;ORDER_FILLED;2019-01-15_07:24:00.787;206,484;0;1,27281;1,27281;0;2;10;10;10;10;ORDER_FILLED;2019-01-15_07:27:27.271;1,27293;1,27293;-12;-0,12;11,87
242;GBPUSDF4YICM;GBPUSD;ICM;TRADE_CLOSED;OP_BUY;ORDER_DISABLED;2019-01-15_07:24:00.931;0;0;1,2726;0;0;2;5;5;5;0;0;0;0;0;0;0;0
243;USDJPYF4YICM;USDJPY;F4Y;TRADE_CLOSED;OP_SELL;ORDER_FILLED;2019-01-15_07:40:09.457;180,061;0;108,558;108,558;0;2;3;3;3;3;ORDER_FILLED;2019-01-15_07:43:09.518;108,522;108,522;36;0,390676;3,75377
243;USDJPYF4YICM;USDJPY;ICM;TRADE_CLOSED;OP_BUY;ORDER_DISABLED;2019-01-15_07:40:09.496;0;0;108,545;0;0;2;2;2;2;0;0;0;0;0;0;0;0
244;USDJPYFFSICM;USDJPY;FFS;TRADE_CLOSED;OP_SELL;ORDER_FILLED;2019-01-15_07:53:12.662;184,548;0;108,435;108,435;0;2;13;13;13;13;ORDER_FILLED;2019-01-15_07:56:17.210;108,401;108,401;34;0,368546;4,12231
244;USDJPYFFSICM;USDJPY;ICM;TRADE_CLOSED;OP_BUY;ORDER_DISABLED;2019-01-15_07:53:12.575;0;0;108,417;0;0;2;2;2;2;0;0;0;0;0;0;0;0
245;EURUSDF4YICM;EURUSD;F4Y;TRADE_CLOSED;OP_SELL;ORDER_FILLED;2019-01-15_08:13:33.832;187,422;0;1,13998;1,13998;0;2;3;3;3;3;ORDER_FILLED;2019-01-15_08:16:41.254;1,13972;1,13972;26;0,26;14,44
245;EURUSDF4YICM;EURUSD;ICM;TRADE_CLOSED;OP_BUY;ORDER_DISABLED;2019-01-15_08:13:33.943;0;0;1,13985;0;0;2;1;1;1;0;0;0;0;0;0;0;0
246;AUDUSDF4YICM;AUDUSD;ICM;TRADE_CLOSED;OP_SELL;ORDER_DISABLED;2019-01-15_08:36:56.182;0;0;0,71241;0;7;2;3;3;3;0;0;0;0;0;0;0;0
246;AUDUSDF4YICM;AUDUSD;F4Y;TRADE_CLOSED;OP_BUY;ORDER_FILLED;2019-01-15_08:36:55.263;179,802;0;0,71207;0,71207;10;2;6;6;6;6;ORDER_FILLED;2019-01-15_08:39:55.65;0,71211;0,71211;4;0,04;7,55
248;GBPAUDFFSICM;GBPAUD;ICM;TRADE_CLOSED;OP_BUY;ORDER_DISABLED;2019-01-15_08:36:56.182;0;0;1,78856;0;10;2;15;15;15;0;0;0;0;0;0;0;0
248;GBPAUDFFSICM;GBPAUD;FFS;TRADE_CLOSED;OP_SELL;ORDER_FILLED;2019-01-15_08:36:55.738;183,162;0;1,78915;1,78915;0;2;34;38;36;33;ORDER_FILLED;2019-01-15_08:39:58.900;1,78925;1,78925;-10;-0,140426;11,0358
249;GBPAUDFFSICM;GBPAUD;ICM;TRADE_CLOSED;OP_BUY;ORDER_DISABLED;2019-01-15_08:36:57.128;0;0;1,78843;0;0;2;15;15;15;0;0;0;0;0;0;0;0
249;GBPAUDFFSICM;GBPAUD;FFS;TRADE_CLOSED;OP_SELL;ORDER_FILLED;2019-01-15_08:36:56.508;182,392;0;1,78903;1,78903;0;2;34;34;34;33;ORDER_FILLED;2019-01-15_08:39:58.900;1,78925;1,78925;-22;-0,308937;10,7269
247;EURAUDFFSICM;EURAUD;ICM;TRADE_CLOSED;OP_BUY;ORDER_DISABLED;2019-01-15_08:36:56.182;0;0;1,60051;0;10;2;7;7;7;0;0;0;0;0;0;0;0
247;EURAUDFFSICM;EURAUD;FFS;TRADE_CLOSED;OP_SELL;ORDER_FILLED;2019-01-15_08:36:55.547;184,888;0;1,6011;1,6011;0;2;28;31;29;28;ORDER_FILLED;2019-01-15_08:40:00.435;1,60083;1,60083;27;0,37916;12,51
250;AUDUSDF4YICM;AUDUSD;ICM;TRADE_CLOSED;OP_SELL;ORDER_DISABLED;2019-01-15_08:36:57.305;0;0;0,71241;0;0;2;3;3;3;0;0;0;0;0;0;0;0
250;AUDUSDF4YICM;AUDUSD;F4Y;TRADE_CLOSED;OP_BUY;ORDER_FILLED;2019-01-15_08:36:56.755;218,499;0;0,71214;0,71214;0;2;6;6;6;6;ORDER_FILLED;2019-01-15_08:40:35.254;0,71222;0,71222;8;0,08;7,63
